32:28.16 SkParsePath.cpp
32:28.46    Compiling threadpool v1.3.2
32:29.25 add_noise.c
32:30.57 WeakRef.cpp
32:31.15 SkThreadUtils_win.cpp
32:31.52 avg.c
32:33.43 bitreader.c
32:34.23 nsLayoutStylesheetCache.cpp
32:34.46    Compiling webrender v0.31.0 (file:///D:/a/bluegriffon/bluegriffon/gecko-dev/gfx/webrender)
32:35.81 SkAutoCoInitialize.cpp
32:36.29 Unified_cpp_parser_htmlparser0.cpp
32:36.50 parser_htmlparser.lib.desc
32:37.12 bitreader_buffer.c
32:38.29 Unified_cpp_accessible_ipc0.cpp
32:38.36 accessible_ipc.lib.desc
32:38.36    Compiling bitreader v0.3.0
32:38.37 Unified_cpp_ipc_mscom0.cpp
32:38.42 ipc_mscom.lib.desc
32:38.76 bitwriter.c
32:39.31    Compiling xml-rs v0.3.6
32:39.88 deblock.c
32:39.91 SkDWrite.cpp
32:39.91    Compiling unicode-bidi v0.2.5
32:40.32 bitwriter_buffer.c
32:42.17 SkDWriteFontFileStream.cpp
32:43.35 fwd_txfm.c
32:45.71 Unified_cpp_layout_style0.cpp
32:47.24 intrapred.c
32:47.40 nsRDFModule.cpp
32:47.54 rdf_build.lib.desc
32:47.60 SkDWriteGeometrySink.cpp
32:49.07 inv_txfm.c
32:49.39    Compiling gdi32-sys v0.2.0
32:51.34 SkHRESULT.cpp
32:52.75 loopfilter.c
32:55.19    Compiling kernel32-sys v0.2.2
32:55.32 Unified_cpp_layout_style1.cpp
32:56.07 prob.c
32:57.13 SkIStream.cpp
32:58.06 psnr.c
32:58.23    Compiling gamma-lut v0.1.6
33:01.12 Unified_cpp_dom_media_encoder0.cpp
33:01.14    Compiling synom v0.11.2
33:01.14 dom_media_encoder.lib.desc
33:01.55 Unified_cpp_layout_style2.cpp
33:01.80 quantize.c
33:01.88 MiniShmParent.cpp
33:02.27    Compiling bit-set v0.4.0
33:03.22 sad.c
33:04.25    Compiling nserror v0.1.0 (file:///D:/a/bluegriffon/bluegriffon/gecko-dev/xpcom/rust/nserror)
33:04.46 Unified_cpp_gfx_skia0.cpp
33:04.67    Compiling bincode v1.0.0-alpha6
33:07.15 Unified_cpp_gfx_skia1.cpp
33:07.24 subtract.c
33:07.60 Unified_cpp_media_psshparser0.cpp
33:07.76    Compiling mp4parse v0.8.0 (file:///D:/a/bluegriffon/bluegriffon/gecko-dev/media/libstagefright/binding/mp4parse)
33:07.76 psshparser.lib.desc
33:08.15 sum_squares.c
33:13.18 variance.c
33:14.48 PluginInstanceChild.cpp
33:14.87    Compiling idna v0.1.0
33:16.40 Unified_cpp_gfx_skia10.cpp
33:19.55 Unified_cpp_mozapps_extensions0.cpp
33:20.30 toolkit_mozapps_extensions.lib.desc
33:23.55 vpx_convolve.c
33:25.71 Unified_cpp_layout_style3.cpp
33:25.85    Compiling gl_generator v0.5.2
33:27.34 PluginModuleChild.cpp
33:27.34 Unified_cpp_layout_style4.cpp
33:27.39 layout_style.lib.desc
33:29.03 vpx_dsp_rtcd.c
33:29.03 Unified_cpp_gfx_skia11.cpp
33:29.61 avg_intrin_sse2.c
33:34.78 Unified_cpp_gfx_skia12.cpp
33:37.54    Compiling syn v0.11.8
33:38.72 PluginWidgetChild.cpp
33:38.73    Compiling mp4parse_capi v0.8.0 (file:///D:/a/bluegriffon/bluegriffon/gecko-dev/media/libstagefright/binding/mp4parse_capi)
33:38.73 Unified_cpp_gfx_skia13.cpp
33:38.84 Unified_cpp_protocol_wyciwyg0.cpp
33:39.01 netwerk_protocol_wyciwyg.lib.desc
33:42.69 fwd_txfm_avx2.c
33:42.89    Compiling url v1.4.0
33:43.52 PluginWidgetParent.cpp
33:44.86 Unified_cpp_gfx_skia14.cpp
33:48.13 Unified_cpp_dom_media_eme0.cpp
33:48.32 dom_media_eme.lib.desc
33:54.20 Unified_cpp_accessible_xul0.cpp
33:54.59 accessible_xul.lib.desc
33:54.59 fwd_txfm_sse2.c
33:57.52 Unified_cpp_gfx_skia15.cpp
34:00.20 inv_txfm_sse2.c
34:00.30    Compiling gleam v0.4.2
34:01.51 loopfilter_avx2.c
34:05.73 Unified_cpp_dom_plugins_ipc0.cpp
34:05.96 Unified_cpp_dom_plugins_ipc1.cpp
34:05.96 Unified_cpp_gfx_skia16.cpp
34:06.01    Compiling rust_url_capi v0.0.1 (file:///D:/a/bluegriffon/bluegriffon/gecko-dev/netwerk/base/rust-url-capi)
34:06.06 dom_plugins_ipc.lib.desc
34:06.14 loopfilter_intrin_sse2.c
34:07.33 gmp-fake.cpp
34:07.81 quantize_sse2.c
34:07.89 jar-ds.c
34:09.86 Unified_cpp_gfx_skia17.cpp
34:10.08 module.res
34:10.24 sad4d_avx2.c
34:10.79 jar.c
34:11.51    Compiling time v0.1.36
34:11.66 gmp-test-decryptor.cpp
34:11.82 sad_avx2.c
34:12.57 adler32.c
34:13.60 jarfile.c
34:13.60 gmp-test-storage.cpp
34:14.32 Creating Resource file: module.res
34:14.43 Unified_cpp_gfx_skia18.cpp
34:14.54 fake.dll
34:14.72 sum_squares_sse2.c
34:14.92 compress.c
34:14.99 jarint.c
34:16.26 variance_avx2.c
34:16.32 Unified_cpp_gfx_skia19.cpp
34:16.42 crc32.c
34:16.42    Creating library fake.lib and object fake.exp
34:16.42 
34:16.81 not_strip fake.dll
34:16.93 jarsign.c
34:17.06    Compiling serde_codegen_internals v0.14.1
34:17.08 variance_impl_avx2.c
34:17.17 deflate.c
34:17.33 lock_impl_win.cc
34:17.89 jarver.c
34:17.89 variance_sse2.c
34:17.93 jar.lib.desc
34:17.97 gzclose.c
34:19.76 vpx_asm_stubs.c
34:19.95    Compiling app_units v0.4.0
34:20.11 Unified_cpp_gfx_skia2.cpp
34:20.11 FdPrintf.cpp
34:20.48 module.res
34:21.30 gzlib.c
34:21.75    Compiling euclid v0.11.0
34:22.50 Unified_cpp_gfx_skia20.cpp
34:22.53 vpx_subpixel_8t_intrin_avx2.c
34:23.14 gzread.c
34:23.64 LogAlloc.cpp
34:23.64 vpx_subpixel_8t_intrin_ssse3.c
34:24.10 gzwrite.c
34:24.27 Creating Resource file: module.res
34:24.52 logalloc.dll
34:24.93 vpx_mem.c
34:25.13 FileUtils.cpp
34:25.29 infback.c
34:26.24    Creating library logalloc.lib and object logalloc.exp
34:26.24 
34:26.37 Unified_cpp_gfx_skia21.cpp
34:26.37 gen_scalers.c
34:26.60 inffast.c
34:26.88 not_strip logalloc.dll
34:28.92 EmulateGLFragColorBroadcast.cpp
34:28.92 nsXPCOMGlue.cpp
34:28.92 vpx_scale.c
34:28.94 xpcomglue.lib
34:29.21 Unified_cpp_gfx_skia22.cpp
34:29.43 inflate.c
34:29.56    Compiling serde_derive v0.9.11
34:29.75 yv12config.c
34:30.01 inftrees.c
34:31.12 constants.c
34:31.24 Unified_cpp_gfx_skia23.cpp
34:31.27 yv12extend.c
34:31.88 trees.c
34:32.02 flacdsp_init.c
34:32.02 RewriteTexelFetchOffset.cpp
34:32.79 uncompr.c
34:32.79 vpx_scale_rtcd.c
34:33.70 h264_intrapred_init.c
34:34.06 cpu.c
34:34.29 vpx_thread.c
34:34.84 zutil.c
34:34.84 nss_zlib.lib.desc
34:34.89 ShaderLang.cpp
34:34.89 Warning: C4005 in C:\Program Files\Microsoft Visual Studio\2022\Enterprise\VC\Tools\MSVC\14.44.35207\include\yvals.h: '_RAISE': macro redefinition
34:34.89 C:\Program Files\Microsoft Visual Studio\2022\Enterprise\VC\Tools\MSVC\14.44.35207\include\yvals.h(497): warning C4005: '_RAISE': macro redefinition
34:34.89 D:\a\bluegriffon\bluegriffon\gecko-dev\opt64\dist\include\mozilla\msvc_raise_wrappers.h(47): note: see previous definition of '_RAISE'
34:34.95 Unified_cpp_gfx_skia3.cpp
34:35.18 fixed_dsp_init.c
34:35.18 Warning: C4113 in D:\a\bluegriffon\bluegriffon\gecko-dev\media\ffvpx\libavutil\x86\fixed_dsp_init.c: 'void (__cdecl *)(int *,int *,int)' differs in parameter lists from 'void (__cdecl *)(int *restrict ,int *restrict ,int)'
34:35.18 D:/a/bluegriffon/bluegriffon/gecko-dev/media/ffvpx/libavutil/x86/fixed_dsp_init.c(33): warning C4113: 'void (__cdecl *)(int *,int *,int)' differs in parameter lists from 'void (__cdecl *)(int *restrict ,int *restrict ,int)'
34:35.18 videodsp_init.c
34:35.89 float_dsp_init.c
34:35.89 Warning: C4113 in D:\a\bluegriffon\bluegriffon\gecko-dev\media\ffvpx\libavutil\x86\float_dsp_init.c: 'void (__cdecl *)(float *,float *,int)' differs in parameter lists from 'void (__cdecl *)(float *restrict ,float *restrict ,int)'
34:35.89 D:/a/bluegriffon/bluegriffon/gecko-dev/media/ffvpx/libavutil/x86/float_dsp_init.c(83): warning C4113: 'void (__cdecl *)(float *,float *,int)' differs in parameter lists from 'void (__cdecl *)(float *restrict ,float *restrict ,int)'
34:35.98 vp8dsp_init.c
34:37.33 oaes_lib.c
34:38.09 lls_init.c
34:39.42 vp9dsp_init.c
34:40.16 Unified_cpp_gfx_skia4.cpp
34:41.46 glslang_tab.cpp
34:41.53 WMFUtils.cpp
34:41.55 module.res
34:41.74 vp9dsp_init_10bpp.c
34:41.77 media_ffvpx_libavutil_x86.lib.desc
34:42.16 glslang_lex.cpp
34:42.83 vp9dsp_init_12bpp.c
34:45.27 ActivationContext.cpp
34:45.47 vp9dsp_init_16bpp.c
34:46.49 Unified_cpp_gfx_skia5.cpp
34:47.84 Creating Resource file: module.res
34:48.32 Unified_cpp_gmp-clearkey_0.10.cpp
34:49.10 clearkey.dll
34:49.32 Unified_cpp_gfx_skia6.cpp
34:50.68 Display.cpp
34:50.92 Registration.cpp
34:52.37    Creating library clearkey.lib and object clearkey.exp
34:52.37 
34:53.54 not_strip clearkey.dll
34:54.53 StructStream.cpp
34:54.53 Unified_cpp_gfx_skia7.cpp
34:54.85 msvc_raise_wrappers.cpp
34:55.21 DisplayD3D.cpp
34:57.43 Unified_cpp_ipc_mscom_oop0.cpp
34:57.68 mscom_oop.lib
34:57.74 winheap.cpp
34:59.06 Unified_cpp_gfx_skia8.cpp
34:59.65    Compiling dwrote v0.3.0
34:59.68 HLSLCompiler.cpp
35:00.09 media_libvpx.lib.desc
35:00.26 Unified_cpp_staticruntime0.cpp
35:00.39 mozalloc_staticruntime.lib.desc
35:01.28 Unified_cpp_gfx_skia9.cpp
35:01.48 gfx_skia.lib.desc
35:01.81 loader.c
35:02.06 freebl.lib.desc
35:04.47    Compiling webrender_traits v0.32.0 (file:///D:/a/bluegriffon/bluegriffon/gecko-dev/gfx/webrender_traits)
35:05.66 SwapChain11.cpp
35:09.26 NativeWindow11Win32.cpp
35:09.26 FileUtils.cpp
35:09.53 Unified_cpp_angle_src_libANGLE0.cpp
35:12.12 crypto.c
35:14.51 nsXPCOMGlue.cpp
35:14.61 xpcomglue_staticruntime.lib
35:15.14 find.c
35:16.03 module.res
35:19.68 hash.c
35:19.71 Unified_cpp_angle_src_libANGLE1.cpp
35:20.93 Creating Resource file: module.res
35:21.43 Unified_cpp_plugins_ipc_hangui0.cpp
35:21.65 plugin-hang-ui.exe
35:21.77 freetype.lib.desc
35:21.91 instance.c
35:21.91 Warning: C4312 in D:\a\bluegriffon\bluegriffon\gecko-dev\security\nss\lib\ckfw\instance.c: 'type cast': conversion from 'CK_SESSION_HANDLE' to 'const void *' of greater size
35:21.91 D:/a/bluegriffon/bluegriffon/gecko-dev/security/nss/lib/ckfw/instance.c(550): warning C4312: 'type cast': conversion from 'CK_SESSION_HANDLE' to 'const void *' of greater size
35:21.91 Warning: C4312 in D:\a\bluegriffon\bluegriffon\gecko-dev\security\nss\lib\ckfw\instance.c: 'type cast': conversion from 'CK_SESSION_HANDLE' to 'const void *' of greater size
35:21.91 D:/a/bluegriffon/bluegriffon/gecko-dev/security/nss/lib/ckfw/instance.c(583): warning C4312: 'type cast': conversion from 'CK_SESSION_HANDLE' to 'const void *' of greater size
35:21.91 Warning: C4312 in D:\a\bluegriffon\bluegriffon\gecko-dev\security\nss\lib\ckfw\instance.c: 'type cast': conversion from 'CK_SESSION_HANDLE' to 'const void *' of greater size
35:21.91 D:/a/bluegriffon/bluegriffon/gecko-dev/security/nss/lib/ckfw/instance.c(614): warning C4312: 'type cast': conversion from 'CK_SESSION_HANDLE' to 'const void *' of greater size
35:21.91 Warning: C4312 in D:\a\bluegriffon\bluegriffon\gecko-dev\security\nss\lib\ckfw\instance.c: 'type cast': conversion from 'CK_SESSION_HANDLE' to 'const void *' of greater size
35:21.91 D:/a/bluegriffon/bluegriffon/gecko-dev/security/nss/lib/ckfw/instance.c(616): warning C4312: 'type cast': conversion from 'CK_SESSION_HANDLE' to 'const void *' of greater size
35:21.91 Warning: C4312 in D:\a\bluegriffon\bluegriffon\gecko-dev\security\nss\lib\ckfw\instance.c: 'type cast': conversion from 'CK_OBJECT_HANDLE' to 'const void *' of greater size
35:21.91 D:/a/bluegriffon/bluegriffon/gecko-dev/security/nss/lib/ckfw/instance.c(685): warning C4312: 'type cast': conversion from 'CK_OBJECT_HANDLE' to 'const void *' of greater size
35:21.91 Warning: C4312 in D:\a\bluegriffon\bluegriffon\gecko-dev\security\nss\lib\ckfw\instance.c: 'type cast': conversion from 'CK_OBJECT_HANDLE' to 'const void *' of greater size
35:21.91 D:/a/bluegriffon/bluegriffon/gecko-dev/security/nss/lib/ckfw/instance.c(718): warning C4312: 'type cast': conversion from 'CK_OBJECT_HANDLE' to 'const void *' of greater size
35:21.91 Warning: C4312 in D:\a\bluegriffon\bluegriffon\gecko-dev\security\nss\lib\ckfw\instance.c: 'type cast': conversion from 'CK_OBJECT_HANDLE' to 'const void *' of greater size
35:21.91 D:/a/bluegriffon/bluegriffon/gecko-dev/security/nss/lib/ckfw/instance.c(752): warning C4312: 'type cast': conversion from 'CK_OBJECT_HANDLE' to 'const void *' of greater size
35:21.91 Warning: C4312 in D:\a\bluegriffon\bluegriffon\gecko-dev\security\nss\lib\ckfw\instance.c: 'type cast': conversion from 'CK_OBJECT_HANDLE' to 'const void *' of greater size
35:21.91 D:/a/bluegriffon/bluegriffon/gecko-dev/security/nss/lib/ckfw/instance.c(756): warning C4312: 'type cast': conversion from 'CK_OBJECT_HANDLE' to 'const void *' of greater size
35:21.91 Warning: C4312 in D:\a\bluegriffon\bluegriffon\gecko-dev\security\nss\lib\ckfw\instance.c: 'type cast': conversion from 'CK_OBJECT_HANDLE' to 'const void *' of greater size
35:21.91 D:/a/bluegriffon/bluegriffon/gecko-dev/security/nss/lib/ckfw/instance.c(764): warning C4312: 'type cast': conversion from 'CK_OBJECT_HANDLE' to 'const void *' of greater size
35:21.91 Warning: C4312 in D:\a\bluegriffon\bluegriffon\gecko-dev\security\nss\lib\ckfw\instance.c: 'type cast': conversion from 'CK_OBJECT_HANDLE' to 'const void *' of greater size
35:21.91 D:/a/bluegriffon/bluegriffon/gecko-dev/security/nss/lib/ckfw/instance.c(793): warning C4312: 'type cast': conversion from 'CK_OBJECT_HANDLE' to 'const void *' of greater size
35:21.91 Warning: C4312 in D:\a\bluegriffon\bluegriffon\gecko-dev\security\nss\lib\ckfw\instance.c: 'type cast': conversion from 'CK_OBJECT_HANDLE' to 'const void *' of greater size
35:21.91 D:/a/bluegriffon/bluegriffon/gecko-dev/security/nss/lib/ckfw/instance.c(796): warning C4312: 'type cast': conversion from 'CK_OBJECT_HANDLE' to 'const void *' of greater size
35:23.02 mechanism.c
35:24.12 Embedding manifest from D:/a/bluegriffon/bluegriffon/gecko-dev/dom/plugins/ipc/hangui/plugin-hang-ui.exe.manifest
35:25.42 mutex.c
35:25.65 Compression.cpp
35:26.50 not_strip plugin-hang-ui.exe
35:32.36 object.c
35:32.82 Unified_cpp_angle_src_libANGLE10.cpp
35:34.33 Decimal.cpp
35:34.93 Unified_cpp_angle_src_libANGLE11.cpp
35:35.13 Unified_cpp_angle_src_libANGLE12.cpp
35:35.13 Warning: C4018 in D:\a\bluegriffon\bluegriffon\gecko-dev\gfx\angle\src\libANGLE\renderer\d3d\d3d9\Blit9.cpp: '<': signed/unsigned mismatch
35:35.13 D:/a/bluegriffon/bluegriffon/gecko-dev/gfx/angle/src/libANGLE/renderer/d3d/d3d9/Blit9.cpp(643): warning C4018: '<': signed/unsigned mismatch
35:35.13 Warning: C4018 in D:\a\bluegriffon\bluegriffon\gecko-dev\gfx\angle\src\libANGLE\renderer\d3d\d3d9\Blit9.cpp: '<': signed/unsigned mismatch
35:35.13 D:/a/bluegriffon/bluegriffon/gecko-dev/gfx/angle/src/libANGLE/renderer/d3d/d3d9/Blit9.cpp(644): warning C4018: '<': signed/unsigned mismatch
35:35.13 Warning: C4018 in D:\a\bluegriffon\bluegriffon\gecko-dev\gfx\angle\src\libANGLE\renderer\d3d\d3d9\Blit9.cpp: '>': signed/unsigned mismatch
35:35.13 D:/a/bluegriffon/bluegriffon/gecko-dev/gfx/angle/src/libANGLE/renderer/d3d/d3d9/Blit9.cpp(654): warning C4018: '>': signed/unsigned mismatch
35:35.13 Warning: C4018 in D:\a\bluegriffon\bluegriffon\gecko-dev\gfx\angle\src\libANGLE\renderer\d3d\d3d9\Blit9.cpp: '>': signed/unsigned mismatch
35:35.13 D:/a/bluegriffon/bluegriffon/gecko-dev/gfx/angle/src/libANGLE/renderer/d3d/d3d9/Blit9.cpp(664): warning C4018: '>': signed/unsigned mismatch
35:35.13 session.c
35:35.99 sessobj.c
35:37.49 Unified_cpp_mfbt_staticruntime0.cpp
35:38.56 Unified_cpp_mfbt_staticruntime1.cpp
35:38.63 mfbt_staticruntime.lib.desc
35:39.31 Unified_c_memory_jemalloc0.c
35:39.51 mozmemory_wrap.c
35:39.51 Warning: C4273 in D:\a\bluegriffon\bluegriffon\gecko-dev\memory\build\mozmemory_wrap.c: '_aligned_malloc': inconsistent dll linkage
35:39.51 D:/a/bluegriffon/bluegriffon/gecko-dev/memory/build/mozmemory_wrap.c(174): warning C4273: '_aligned_malloc': inconsistent dll linkage
35:39.51 C:\Program Files (x86)\Windows Kits\10\include\10.0.26100.0\ucrt\corecrt_malloc.h(154): note: see previous definition of '_aligned_malloc'
35:39.54 slot.c
35:43.47 Unified_cpp_angle_src_libANGLE13.cpp
35:43.55 token.c
35:43.64 replace_malloc.c
35:43.67 Unified_c_memory_jemalloc1.c
35:43.67 Warning: C4005 in D:\a\bluegriffon\bluegriffon\gecko-dev\memory\jemalloc\src\src\util.c: 'assert': macro redefinition
35:43.67 D:/a/bluegriffon/bluegriffon/gecko-dev/memory/jemalloc/src/src/util.c(5): warning C4005: 'assert': macro redefinition
35:43.67 D:\a\bluegriffon\bluegriffon\gecko-dev\memory\jemalloc\src\include\jemalloc/internal/assert.h(6): note: see previous definition of 'assert'
35:43.67 Warning: C4005 in D:\a\bluegriffon\bluegriffon\gecko-dev\memory\jemalloc\src\src\util.c: 'not_reached': macro redefinition
35:43.67 D:/a/bluegriffon/bluegriffon/gecko-dev/memory/jemalloc/src/src/util.c(12): warning C4005: 'not_reached': macro redefinition
35:43.67 D:\a\bluegriffon\bluegriffon\gecko-dev\memory\jemalloc\src\include\jemalloc/internal/assert.h(17): note: see previous definition of 'not_reached'
35:43.67 Warning: C4005 in D:\a\bluegriffon\bluegriffon\gecko-dev\memory\jemalloc\src\src\util.c: 'not_implemented': macro redefinition
35:43.67 D:/a/bluegriffon/bluegriffon/gecko-dev/memory/jemalloc/src/src/util.c(20): warning C4005: 'not_implemented': macro redefinition
35:43.67 D:\a\bluegriffon\bluegriffon\gecko-dev\memory\jemalloc\src\include\jemalloc/internal/assert.h(29): note: see previous definition of 'not_implemented'
35:43.98 memory_jemalloc.lib.desc
35:43.98 smime3_static.lib.desc
35:48.02 wrap.c
35:48.14 jemalloc_config.cpp
35:48.14 nssckfw.lib.desc
35:48.32 memory.lib.desc
35:53.54 Unified_cpp_angle_src_libANGLE14.cpp
35:54.07 nss3_static.lib.desc
35:54.41 Unified_cpp_angle_src_libANGLE17.cpp
35:54.51 Unified_cpp_angle_src_libANGLE15.cpp
35:54.67 icu.lib.desc
35:54.70 Unified_cpp_angle_src_libANGLE16.cpp
35:55.11 zlib.lib.desc
36:00.78 Unified_cpp_angle_src_libANGLE18.cpp
36:01.67 dirtools_public.cpp
36:02.85 Unified_cpp_angle_src_libANGLE2.cpp
36:02.95 envvartools_public.cpp
36:05.82 Unified_cpp_angle_src_libANGLE4.cpp
36:05.82 Warning: C4005 in C:\Program Files\Microsoft Visual Studio\2022\Enterprise\VC\Tools\MSVC\14.44.35207\include\yvals.h: '_RAISE': macro redefinition
36:05.82 C:\Program Files\Microsoft Visual Studio\2022\Enterprise\VC\Tools\MSVC\14.44.35207\include\yvals.h(497): warning C4005: '_RAISE': macro redefinition
36:05.82 D:\a\bluegriffon\bluegriffon\gecko-dev\opt64\dist\include\mozilla\msvc_raise_wrappers.h(47): note: see previous definition of '_RAISE'
36:06.24 mozavutil.dll.def
36:06.84 Unified_c_security_manager_ssl0.c
36:07.06 Unified_cpp_angle_src_libANGLE3.cpp
36:07.60 module.res
36:07.63 hmderrors_public.cpp
36:07.88 gasp.cc
36:09.06 adler32.c
36:11.09 atomic.c
36:11.11 Unified_cpp_pingsender0.cpp
36:11.11 openvr_api_public.cpp
36:11.34 Creating Resource file: module.res
36:11.76 gdef.cc
36:11.89 pingsender.exe
36:12.12 media_ffvpx_libavcodec_x86.lib.desc
36:14.28 avstring.c
36:14.44 Unified_cpp_angle_src_libANGLE5.cpp
36:14.64 pathtools_public.cpp
36:15.11 base64.c
36:15.27 gpos.cc
36:15.99 not_strip pingsender.exe
36:17.52 Unified_cpp_security_manager_ssl0.cpp
36:17.71 sharedlibtools_public.cpp
36:17.77 bprint.c
36:19.10 gsub.cc
36:20.13 buffer.c
36:20.13 strtools_public.cpp
36:23.23 HandlerData_c.c
36:24.28 hdmx.cc
36:25.59 channel_layout.c
36:26.20 Unified_cpp_angle_src_libANGLE6.cpp
36:27.23 Unified_cpp_security_manager_ssl1.cpp
36:27.72 HandlerData_i.c
36:28.64 vrpathregistry_public.cpp
36:28.85 gfx_vr_openvr.lib.desc
36:29.02 Unified_cpp_angle_src_libANGLE7.cpp
36:29.04 color_utils.c
36:29.64 HandlerData_p.c
36:29.82 kern.cc
36:29.82 Warning: C4334 in D:\a\bluegriffon\bluegriffon\gecko-dev\gfx\ots\src\kern.cc: '<<': result of 32-bit shift implicitly converted to 64 bits (was 64-bit shift intended?)
36:29.82 D:/a/bluegriffon/bluegriffon/gecko-dev/gfx/ots/src/kern.cc(108): warning C4334: '<<': result of 32-bit shift implicitly converted to 64 bits (was 64-bit shift intended?)
36:30.46 cpu.c
36:31.07 FdPrintf.cpp
36:31.33 dlldata.c
36:31.94 ltsh.cc
36:32.35 crc.c
36:36.03 dict.c
36:37.04 AccessibleHandler.cpp
36:37.04 Replay.cpp
36:37.50 module.res
36:38.42 Unified_cpp_angle_src_libANGLE8.cpp
36:38.47 math.cc
36:38.64 Unified_cpp_security_manager_ssl2.cpp
36:39.31 display.c
36:39.52 Unified_cpp_security_manager_ssl3.cpp
36:39.67 security_manager_ssl.lib.desc
36:39.67 Assertions.cpp
36:40.10 Creating Resource file: module.res
36:40.33 AccessibleHandlerControl.cpp
36:40.33 vdmx.cc
36:40.38 module.res
36:40.38 logalloc-replay.exe
36:40.41 dummy_funcs.c
36:40.42 fipsaudt.c
36:41.19 error.c
36:41.55 fipstest.c
36:41.71    Creating library logalloc-replay.lib and object logalloc-replay.exp
36:41.71 
36:41.71 LINK : warning LNK4217: symbol 'gMozCrashReason' defined in 'Assertions.obj' is imported by 'jemalloc_config.obj' in function '"void __cdecl AnnotateMozCrashReason(char const *)" (?AnnotateMozCrashReason@@YAXPEBD@Z)'
36:41.71 
36:41.71 LINK : warning LNK4217: symbol 'moz_abort' defined in 'jemalloc_config.obj' is imported by 'jemalloc.obj' in function 'arenas_extend'
36:41.71 
36:41.83 vorg.cc
36:41.86 AccessibleTextTearoff.cpp
36:42.00 Creating Resource file: module.res
36:42.07 eval.c
36:42.07 mozjemalloc_compat.c
36:42.07 not_strip logalloc-replay.exe
36:42.10 module.res
36:42.22 AccessibleHandler.dll
36:42.39 fipstokn.c
36:42.97 fifo.c
36:43.62    Creating library AccessibleHandler.lib and object AccessibleHandler.exp
36:43.62 
36:43.76 jpakesftk.c
36:43.76 jemalloc_config.cpp
36:44.40 Creating Resource file: module.res
36:45.12 not_strip AccessibleHandler.dll
36:45.43 fixed_dsp.c
36:45.43 Warning: C4113 in D:\a\bluegriffon\bluegriffon\gecko-dev\media\ffvpx\libavutil\fixed_dsp.c: 'void (__cdecl *)(int *,int *,int)' differs in parameter lists from 'void (__cdecl *)(int *restrict ,int *restrict ,int)'
36:45.43 D:/a/bluegriffon/bluegriffon/gecko-dev/media/ffvpx/libavutil/fixed_dsp.c(160): warning C4113: 'void (__cdecl *)(int *,int *,int)' differs in parameter lists from 'void (__cdecl *)(int *restrict ,int *restrict ,int)'
36:46.63 replace_jemalloc.dll
36:46.84 Unified_cpp_gfx_ots_src1.cpp
36:46.98 Unified_cpp_angle_src_libANGLE9.cpp
36:47.31 libANGLE.lib.desc
36:47.54 lgglue.c
36:47.65 Unified_cpp_gfx_ots_src0.cpp
36:47.71 gfx_ots_src.lib.desc
36:47.71 float_dsp.c
36:47.84    Creating library replace_jemalloc.lib and object replace_jemalloc.exp
36:47.84 
36:47.84 LINK : warning LNK4217: symbol 'je_nallocx' defined in 'Unified_c_memory_jemalloc0.obj' is imported by 'mozjemalloc_compat.obj' in function 'replace_malloc_good_size'
36:47.84 
36:47.85 LINK : warning LNK4217: symbol 'je_mallctl' defined in 'Unified_c_memory_jemalloc0.obj' is imported by 'mozjemalloc_compat.obj' in function 'compute_bin_unused_and_bookkeeping'
36:47.85 
36:47.85 LINK : warning LNK4217: symbol 'je_mallctlnametomib' defined in 'Unified_c_memory_jemalloc0.obj' is imported by 'mozjemalloc_compat.obj' in function 'compute_bin_unused_and_bookkeeping'
36:47.85 
36:47.85 LINK : warning LNK4217: symbol 'je_mallctlbymib' defined in 'Unified_c_memory_jemalloc0.obj' is imported by 'mozjemalloc_compat.obj' in function 'compute_bin_unused_and_bookkeeping'
36:47.85 
36:47.85 LINK : warning LNK4217: symbol 'moz_abort' defined in 'jemalloc_config.obj' is imported by 'Unified_c_memory_jemalloc0.obj' in function 'arena_redzones_validate'
36:47.85 
36:47.85 LINK : warning LNK4217: symbol 'moz_abort' defined in 'jemalloc_config.obj' is imported by 'Unified_c_memory_jemalloc1.obj' in function 'stats_general_print'
36:47.85 
36:48.03 lowkey.c
36:48.04 not_strip replace_jemalloc.dll
36:48.18 module.res
36:48.18 frame.c
36:48.53 Unified_c_netwerk_dns0.c
36:48.56 lowpbe.c
36:48.62 Creating Resource file: module.res
36:48.71 imgutils.c
36:48.89 padbuf.c
36:48.89 SSE.cpp
36:49.01 integer.c
36:49.21 gkmedias.lib.desc
36:49.67 intmath.c
36:50.04 pkcs11.c
36:50.04 Warning: C4312 in D:\a\bluegriffon\bluegriffon\gecko-dev\security\nss\lib\softoken\pkcs11.c: 'type cast': conversion from 'CK_SLOT_ID' to 'void *' of greater size
36:50.04 D:/a/bluegriffon/bluegriffon/gecko-dev/security/nss/lib/softoken/pkcs11.c(2361): warning C4312: 'type cast': conversion from 'CK_SLOT_ID' to 'void *' of greater size
36:50.04 Warning: C4312 in D:\a\bluegriffon\bluegriffon\gecko-dev\security\nss\lib\softoken\pkcs11.c: 'type cast': conversion from 'CK_SLOT_ID' to 'void *' of greater size
36:50.04 D:/a/bluegriffon/bluegriffon/gecko-dev/security/nss/lib/softoken/pkcs11.c(2423): warning C4312: 'type cast': conversion from 'CK_SLOT_ID' to 'void *' of greater size
36:50.04 Warning: C4312 in D:\a\bluegriffon\bluegriffon\gecko-dev\security\nss\lib\softoken\pkcs11.c: 'type cast': conversion from 'CK_SLOT_ID' to 'void *' of greater size
36:50.04 D:/a/bluegriffon/bluegriffon/gecko-dev/security/nss/lib/softoken/pkcs11.c(2937): warning C4312: 'type cast': conversion from 'CK_SLOT_ID' to 'void *' of greater size
36:50.04 Warning: C4312 in D:\a\bluegriffon\bluegriffon\gecko-dev\security\nss\lib\softoken\pkcs11.c: 'type cast': conversion from 'CK_SLOT_ID' to 'void *' of greater size
36:50.04 D:/a/bluegriffon/bluegriffon/gecko-dev/security/nss/lib/softoken/pkcs11.c(2942): warning C4312: 'type cast': conversion from 'CK_SLOT_ID' to 'void *' of greater size
36:50.04 Warning: C4312 in D:\a\bluegriffon\bluegriffon\gecko-dev\security\nss\lib\softoken\pkcs11.c: 'type cast': conversion from 'CK_SLOT_ID' to 'void *' of greater size
36:50.04 D:/a/bluegriffon/bluegriffon/gecko-dev/security/nss/lib/softoken/pkcs11.c(2957): warning C4312: 'type cast': conversion from 'CK_SLOT_ID' to 'void *' of greater size
36:50.28 WindowsDllBlocklist.cpp
36:50.37 mozglue.dll
36:51.39 lls.c
36:51.80 nsEffectiveTLDService.cpp
36:52.75 pkcs11c.c
36:53.16    Creating library mozglue.lib and object mozglue.exp
36:53.16 
36:53.16 LINK : warning LNK4217: symbol 'gMozCrashReason' defined in 'Unified_cpp_mfbt0.obj' is imported by 'jemalloc_config.obj' in function '"void __cdecl AnnotateMozCrashReason(char const *)" (?AnnotateMozCrashReason@@YAXPEBD@Z)'
36:53.16 
36:53.16 LINK : warning LNK4217: symbol 'moz_abort' defined in 'jemalloc_config.obj' is imported by 'jemalloc.obj' in function 'arenas_extend'
36:53.16 
36:53.17 log.c
36:53.33 nsHostResolver.cpp
36:53.44 ContextStateTracker.cpp
36:53.61 not_strip mozglue.dll
36:53.70 log2_tab.c
36:53.80 pkcs11u.c
36:53.80 Warning: C4312 in D:\a\bluegriffon\bluegriffon\gecko-dev\security\nss\lib\softoken\pkcs11u.c: 'type cast': conversion from 'CK_OBJECT_HANDLE' to 'void *' of greater size
36:53.80 D:/a/bluegriffon/bluegriffon/gecko-dev/security/nss/lib/softoken/pkcs11u.c(814): warning C4312: 'type cast': conversion from 'CK_OBJECT_HANDLE' to 'void *' of greater size
36:54.86 sdb.c
36:55.05 PrintTarget.cpp
36:55.21 mathematics.c
36:55.21 mem.c
36:56.12 PrintTargetPDF.cpp
36:56.41 sftkdb.c
36:56.99 parseutils.c
36:57.02 Unified_cpp_netwerk_dns0.cpp
36:57.05 nss3.dll.def
36:57.05 netwerk_dns.lib.desc
36:57.17 sftkhmac.c
36:57.17 PrintTargetSkPDF.cpp
36:57.23 module.res
36:57.59 pixdesc.c
36:57.60 dlldata.c
36:57.87 sftkpars.c
36:57.87 Creating Resource file: module.res
36:58.01 nss3.dll
36:58.23 AccessibleMarshalThunk.c
36:58.45 pixelutils.c
36:58.60 sftkpwd.c
36:58.65 Accessible2_p.c
36:58.68 ISimpleDOM_i.c
36:59.45 softkver.c
36:59.54 rational.c
36:59.62    Creating library nss3.lib and object nss3.exp
36:59.62 
36:59.62 LINK : warning LNK4217: symbol 'PR_smprintf' defined in 'prprf.obj' is imported by 'utilpars.obj' in function '_NSSUTIL_EvaluateConfigDir'
36:59.62 
36:59.62 LINK : warning LNK4217: symbol 'PR_smprintf' defined in 'prprf.obj' is imported by 'sslsnce.obj' in function 'GenerateAndWrapTicketKeys'
36:59.62 
36:59.62 LINK : warning LNK4286: symbol 'PR_smprintf' defined in 'prprf.obj' is imported by 'nssinit.obj'
36:59.62 
36:59.62 LINK : warning LNK4286: symbol 'PR_smprintf' defined in 'prprf.obj' is imported by 'pk11merge.obj'
36:59.62 
36:59.62 LINK : warning LNK4217: symbol 'PR_smprintf' defined in 'prprf.obj' is imported by 'pk11util.obj' in function 'SECMOD_UpdateSlotList'
36:59.62 
36:59.62 LINK : warning LNK4286: symbol 'PR_smprintf' defined in 'prprf.obj' is imported by 'utilmod.obj'
36:59.62 
36:59.62 LINK : warning LNK4217: symbol 'PR_smprintf' defined in 'prprf.obj' is imported by 'alg1485.obj' in function 'CERT_GetOidString'
36:59.62 
36:59.62 LINK : warning LNK4286: symbol 'PR_smprintf' defined in 'prprf.obj' is imported by 'certdb.obj'
36:59.62 
36:59.62 LINK : warning LNK4286: symbol 'PR_smprintf' defined in 'prprf.obj' is imported by 'certvfy.obj'
36:59.62 
36:59.62 LINK : warning LNK4286: symbol 'PR_smprintf' defined in 'prprf.obj' is imported by 'ocsp.obj'
36:59.62 
36:59.62 LINK : warning LNK4217: symbol 'PR_smprintf_free' defined in 'prprf.obj' is imported by 'pk11util.obj' in function 'SECMOD_DeleteInternalModule'
36:59.62 
36:59.62 LINK : warning LNK4286: symbol 'PR_smprintf_free' defined in 'prprf.obj' is imported by 'utilmod.obj'
36:59.62 
36:59.62 LINK : warning LNK4286: symbol 'PR_smprintf_free' defined in 'prprf.obj' is imported by 'utilpars.obj'
36:59.62 
36:59.62 LINK : warning LNK4217: symbol 'PR_smprintf_free' defined in 'prprf.obj' is imported by 'sslsnce.obj' in function 'GenerateTicketKeys'
36:59.62 
36:59.62 LINK : warning LNK4217: symbol 'PR_smprintf_free' defined in 'prprf.obj' is imported by 'alg1485.obj' in function 'AppendAVA'
36:59.62 
36:59.62 LINK : warning LNK4286: symbol 'PR_smprintf_free' defined in 'prprf.obj' is imported by 'nssinit.obj'
36:59.62 
36:59.62 LINK : warning LNK4286: symbol 'PR_smprintf_free' defined in 'prprf.obj' is imported by 'pk11merge.obj'
36:59.62 
36:59.62 LINK : warning LNK4286: symbol 'PR_smprintf_free' defined in 'prprf.obj' is imported by 'pk11pars.obj'
36:59.62 
36:59.62 LINK : warning LNK4286: symbol 'PR_NewLock' defined in 'prulock.obj' is imported by 'ssl3con.obj'
36:59.62 
36:59.62 LINK : warning LNK4286: symbol 'PR_NewLock' defined in 'prulock.obj' is imported by 'sslmutex.obj'
36:59.62 
36:59.62 LINK : warning LNK4286: symbol 'PR_NewLock' defined in 'prulock.obj' is imported by 'sslnonce.obj'
36:59.62 
36:59.62 LINK : warning LNK4286: symbol 'PR_NewLock' defined in 'prulock.obj' is imported by 'sslsock.obj'
36:59.62 
36:59.62 LINK : warning LNK4217: symbol 'PR_NewLock' defined in 'prulock.obj' is imported by 'pk11slot.obj' in function 'PK11_DestroySlot'
36:59.62 
36:59.62 LINK : warning LNK4286: symbol 'PR_NewLock' defined in 'prulock.obj' is imported by 'nssrwlk.obj'
36:59.62 
36:59.62 LINK : warning LNK4286: symbol 'PR_NewLock' defined in 'prulock.obj' is imported by 'secport.obj'
36:59.62 
36:59.62 LINK : warning LNK4286: symbol 'PR_NewLock' defined in 'prulock.obj' is imported by 'cmsudf.obj'
36:59.62 
36:59.62 LINK : warning LNK4286: symbol 'PR_NewLock' defined in 'prulock.obj' is imported by 'pk11cxt.obj'
36:59.62 
36:59.62 LINK : warning LNK4286: symbol 'PR_NewLock' defined in 'prulock.obj' is imported by 'pk11load.obj'
36:59.62 
36:59.62 LINK : warning LNK4286: symbol 'PR_NewLock' defined in 'prulock.obj' is imported by 'pk11pars.obj'
36:59.62 
36:59.62 LINK : warning LNK4286: symbol 'PR_NewLock' defined in 'prulock.obj' is imported by 'pk11sdr.obj'
36:59.62 
36:59.62 LINK : warning LNK4286: symbol 'PR_NewLock' defined in 'prulock.obj' is imported by 'pkibase.obj'
36:59.62 
36:59.62 LINK : warning LNK4286: symbol 'PR_NewLock' defined in 'prulock.obj' is imported by 'pkistore.obj'
36:59.62 
36:59.62 LINK : warning LNK4286: symbol 'PR_NewLock' defined in 'prulock.obj' is imported by 'tdcache.obj'
36:59.62 
36:59.62 LINK : warning LNK4286: symbol 'PR_NewLock' defined in 'prulock.obj' is imported by 'dev3hack.obj'
36:59.62 
36:59.62 LINK : warning LNK4286: symbol 'PR_NewLock' defined in 'prulock.obj' is imported by 'arena.obj'
36:59.62 
36:59.62 LINK : warning LNK4286: symbol 'PR_NewLock' defined in 'prulock.obj' is imported by 'hash.obj'
36:59.62 
36:59.62 LINK : warning LNK4286: symbol 'PR_NewLock' defined in 'prulock.obj' is imported by 'list.obj'
36:59.62 
36:59.62 LINK : warning LNK4286: symbol 'PR_NewLock' defined in 'prulock.obj' is imported by 'devutil.obj'
36:59.62 
36:59.62 LINK : warning LNK4217: symbol 'PR_NewLock' defined in 'prulock.obj' is imported by 'certdb.obj' in function 'cert_CreateSubjectKeyIDHashTable'
36:59.62 
36:59.62 LINK : warning LNK4286: symbol 'PR_NewLock' defined in 'prulock.obj' is imported by 'crl.obj'
36:59.62 
36:59.62 LINK : warning LNK4286: symbol 'PR_NewLock' defined in 'prulock.obj' is imported by 'genname.obj'
36:59.62 
36:59.62 LINK : warning LNK4286: symbol 'PR_NewLock' defined in 'prulock.obj' is imported by 'nssinit.obj'
36:59.62 
36:59.62 LINK : warning LNK4286: symbol 'PR_DestroyLock' defined in 'prulock.obj' is imported by 'sslnonce.obj'
36:59.62 
36:59.62 LINK : warning LNK4286: symbol 'PR_DestroyLock' defined in 'prulock.obj' is imported by 'sslsock.obj'
36:59.62 
36:59.62 LINK : warning LNK4286: symbol 'PR_DestroyLock' defined in 'prulock.obj' is imported by 'secport.obj'
36:59.62 
36:59.62 LINK : warning LNK4286: symbol 'PR_DestroyLock' defined in 'prulock.obj' is imported by 'cmsudf.obj'
36:59.62 
36:59.62 LINK : warning LNK4286: symbol 'PR_DestroyLock' defined in 'prulock.obj' is imported by 'ssl3con.obj'
36:59.62 
36:59.62 LINK : warning LNK4286: symbol 'PR_DestroyLock' defined in 'prulock.obj' is imported by 'sslmutex.obj'
36:59.62 
36:59.62 LINK : warning LNK4286: symbol 'PR_DestroyLock' defined in 'prulock.obj' is imported by 'pk11sdr.obj'
36:59.62 
36:59.62 LINK : warning LNK4217: symbol 'PR_DestroyLock' defined in 'prulock.obj' is imported by 'pk11slot.obj' in function 'PK11_FindSlotByName'
36:59.62 
36:59.62 LINK : warning LNK4286: symbol 'PR_DestroyLock' defined in 'prulock.obj' is imported by 'pk11util.obj'
36:59.62 
36:59.62 LINK : warning LNK4286: symbol 'PR_DestroyLock' defined in 'prulock.obj' is imported by 'nssrwlk.obj'
36:59.62 
36:59.62 LINK : warning LNK4286: symbol 'PR_DestroyLock' defined in 'prulock.obj' is imported by 'tdcache.obj'
36:59.62 
36:59.62 LINK : warning LNK4286: symbol 'PR_DestroyLock' defined in 'prulock.obj' is imported by 'dev3hack.obj'
36:59.62 
36:59.62 LINK : warning LNK4286: symbol 'PR_DestroyLock' defined in 'prulock.obj' is imported by 'pk11cxt.obj'
36:59.62 
36:59.62 LINK : warning LNK4286: symbol 'PR_DestroyLock' defined in 'prulock.obj' is imported by 'pk11load.obj'
36:59.62 
36:59.62 LINK : warning LNK4286: symbol 'PR_DestroyLock' defined in 'prulock.obj' is imported by 'devtoken.obj'
36:59.62 
36:59.62 LINK : warning LNK4286: symbol 'PR_DestroyLock' defined in 'prulock.obj' is imported by 'devutil.obj'
36:59.62 
36:59.62 LINK : warning LNK4286: symbol 'PR_DestroyLock' defined in 'prulock.obj' is imported by 'pkibase.obj'
36:59.62 
36:59.62 LINK : warning LNK4286: symbol 'PR_DestroyLock' defined in 'prulock.obj' is imported by 'pkistore.obj'
36:59.62 
36:59.62 LINK : warning LNK4286: symbol 'PR_DestroyLock' defined in 'prulock.obj' is imported by 'arena.obj'
36:59.62 
36:59.62 LINK : warning LNK4286: symbol 'PR_DestroyLock' defined in 'prulock.obj' is imported by 'hash.obj'
36:59.62 
36:59.62 LINK : warning LNK4286: symbol 'PR_DestroyLock' defined in 'prulock.obj' is imported by 'list.obj'
36:59.62 
36:59.62 LINK : warning LNK4286: symbol 'PR_DestroyLock' defined in 'prulock.obj' is imported by 'devslot.obj'
36:59.62 
36:59.62 LINK : warning LNK4217: symbol 'PR_DestroyLock' defined in 'prulock.obj' is imported by 'certdb.obj' in function 'cert_DestroyLocks'
36:59.62 
36:59.62 LINK : warning LNK4286: symbol 'PR_DestroyLock' defined in 'prulock.obj' is imported by 'crl.obj'
36:59.62 
36:59.62 LINK : warning LNK4286: symbol 'PR_DestroyLock' defined in 'prulock.obj' is imported by 'genname.obj'
36:59.62 
36:59.62 LINK : warning LNK4286: symbol 'PR_DestroyLock' defined in 'prulock.obj' is imported by 'nssinit.obj'
36:59.62 
36:59.62 LINK : warning LNK4286: symbol 'PR_Lock' defined in 'prulock.obj' is imported by 'sslsecur.obj'
36:59.62 
36:59.62 LINK : warning LNK4286: symbol 'PR_Lock' defined in 'prulock.obj' is imported by 'sslsock.obj'
36:59.63 
36:59.63 LINK : warning LNK4286: symbol 'PR_Lock' defined in 'prulock.obj' is imported by 'cmsudf.obj'
36:59.63 
36:59.63 LINK : warning LNK4286: symbol 'PR_Lock' defined in 'prulock.obj' is imported by 'ssl3con.obj'
36:59.63 
36:59.63 LINK : warning LNK4286: symbol 'PR_Lock' defined in 'prulock.obj' is imported by 'sslmutex.obj'
36:59.63 
36:59.63 LINK : warning LNK4286: symbol 'PR_Lock' defined in 'prulock.obj' is imported by 'sslnonce.obj'
36:59.63 
36:59.63 LINK : warning LNK4217: symbol 'PR_Lock' defined in 'prulock.obj' is imported by 'pk11slot.obj' in function 'PK11_GetBestSlotMultipleWithAttributes'
36:59.63 
36:59.63 LINK : warning LNK4286: symbol 'PR_Lock' defined in 'prulock.obj' is imported by 'pk11util.obj'
36:59.63 
36:59.63 LINK : warning LNK4286: symbol 'PR_Lock' defined in 'prulock.obj' is imported by 'nssrwlk.obj'
36:59.63 
36:59.63 LINK : warning LNK4286: symbol 'PR_Lock' defined in 'prulock.obj' is imported by 'secport.obj'
36:59.63 
36:59.63 LINK : warning LNK4286: symbol 'PR_Lock' defined in 'prulock.obj' is imported by 'pk11cxt.obj'
36:59.63 
36:59.63 LINK : warning LNK4286: symbol 'PR_Lock' defined in 'prulock.obj' is imported by 'pk11load.obj'
36:59.63 
36:59.63 LINK : warning LNK4286: symbol 'PR_Lock' defined in 'prulock.obj' is imported by 'pk11sdr.obj'
36:59.63 
36:59.63 LINK : warning LNK4286: symbol 'PR_Lock' defined in 'prulock.obj' is imported by 'pk11skey.obj'
36:59.63 
36:59.63 LINK : warning LNK4286: symbol 'PR_Lock' defined in 'prulock.obj' is imported by 'devutil.obj'
36:59.63 
36:59.63 LINK : warning LNK4286: symbol 'PR_Lock' defined in 'prulock.obj' is imported by 'pkibase.obj'
36:59.63 
36:59.63 LINK : warning LNK4286: symbol 'PR_Lock' defined in 'prulock.obj' is imported by 'pkistore.obj'
36:59.63 
36:59.63 LINK : warning LNK4286: symbol 'PR_Lock' defined in 'prulock.obj' is imported by 'tdcache.obj'
36:59.63 
36:59.63 LINK : warning LNK4286: symbol 'PR_Lock' defined in 'prulock.obj' is imported by 'arena.obj'
36:59.63 
36:59.63 LINK : warning LNK4286: symbol 'PR_Lock' defined in 'prulock.obj' is imported by 'hash.obj'
36:59.63 
36:59.63 LINK : warning LNK4286: symbol 'PR_Lock' defined in 'prulock.obj' is imported by 'list.obj'
36:59.63 
36:59.63 LINK : warning LNK4286: symbol 'PR_Lock' defined in 'prulock.obj' is imported by 'devslot.obj'
36:59.63 
36:59.63 LINK : warning LNK4217: symbol 'PR_Lock' defined in 'prulock.obj' is imported by 'certdb.obj' in function 'CERT_LockCertRefCount'
36:59.63 
36:59.63 LINK : warning LNK4286: symbol 'PR_Lock' defined in 'prulock.obj' is imported by 'crl.obj'
36:59.63 
36:59.63 LINK : warning LNK4286: symbol 'PR_Lock' defined in 'prulock.obj' is imported by 'genname.obj'
36:59.63 
36:59.63 LINK : warning LNK4286: symbol 'PR_Lock' defined in 'prulock.obj' is imported by 'nssinit.obj'
36:59.63 
36:59.63 LINK : warning LNK4286: symbol 'PR_Unlock' defined in 'prulock.obj' is imported by 'sslsecur.obj'
36:59.63 
36:59.63 LINK : warning LNK4286: symbol 'PR_Unlock' defined in 'prulock.obj' is imported by 'sslsock.obj'
36:59.63 
36:59.63 LINK : warning LNK4286: symbol 'PR_Unlock' defined in 'prulock.obj' is imported by 'cmsudf.obj'
36:59.63 
36:59.63 LINK : warning LNK4286: symbol 'PR_Unlock' defined in 'prulock.obj' is imported by 'ssl3con.obj'
36:59.63 
36:59.63 LINK : warning LNK4286: symbol 'PR_Unlock' defined in 'prulock.obj' is imported by 'sslmutex.obj'
36:59.63 
36:59.63 LINK : warning LNK4286: symbol 'PR_Unlock' defined in 'prulock.obj' is imported by 'sslnonce.obj'
36:59.63 
36:59.63 LINK : warning LNK4217: symbol 'PR_Unlock' defined in 'prulock.obj' is imported by 'pk11slot.obj' in function 'PK11_MakeString'
36:59.63 
36:59.63 LINK : warning LNK4286: symbol 'PR_Unlock' defined in 'prulock.obj' is imported by 'pk11util.obj'
36:59.63 
36:59.63 LINK : warning LNK4286: symbol 'PR_Unlock' defined in 'prulock.obj' is imported by 'nssrwlk.obj'
36:59.63 
36:59.63 LINK : warning LNK4286: symbol 'PR_Unlock' defined in 'prulock.obj' is imported by 'secport.obj'
36:59.63 
36:59.63 LINK : warning LNK4286: symbol 'PR_Unlock' defined in 'prulock.obj' is imported by 'pk11cxt.obj'
36:59.63 
36:59.63 LINK : warning LNK4286: symbol 'PR_Unlock' defined in 'prulock.obj' is imported by 'pk11load.obj'
36:59.63 
36:59.63 LINK : warning LNK4286: symbol 'PR_Unlock' defined in 'prulock.obj' is imported by 'pk11sdr.obj'
36:59.63 
36:59.63 LINK : warning LNK4286: symbol 'PR_Unlock' defined in 'prulock.obj' is imported by 'pk11skey.obj'
36:59.63 
36:59.63 LINK : warning LNK4286: symbol 'PR_Unlock' defined in 'prulock.obj' is imported by 'devutil.obj'
36:59.63 
36:59.63 LINK : warning LNK4286: symbol 'PR_Unlock' defined in 'prulock.obj' is imported by 'pkibase.obj'
36:59.63 
36:59.63 LINK : warning LNK4286: symbol 'PR_Unlock' defined in 'prulock.obj' is imported by 'pkistore.obj'
36:59.63 
36:59.63 LINK : warning LNK4286: symbol 'PR_Unlock' defined in 'prulock.obj' is imported by 'tdcache.obj'
36:59.63 
36:59.63 LINK : warning LNK4286: symbol 'PR_Unlock' defined in 'prulock.obj' is imported by 'arena.obj'
36:59.63 
36:59.63 LINK : warning LNK4286: symbol 'PR_Unlock' defined in 'prulock.obj' is imported by 'hash.obj'
36:59.63 
36:59.63 LINK : warning LNK4286: symbol 'PR_Unlock' defined in 'prulock.obj' is imported by 'list.obj'
36:59.63 
36:59.63 LINK : warning LNK4286: symbol 'PR_Unlock' defined in 'prulock.obj' is imported by 'devslot.obj'
36:59.63 
36:59.63 LINK : warning LNK4217: symbol 'PR_Unlock' defined in 'prulock.obj' is imported by 'certdb.obj' in function 'CERT_UnlockCertRefCount'
36:59.63 
36:59.63 LINK : warning LNK4286: symbol 'PR_Unlock' defined in 'prulock.obj' is imported by 'crl.obj'
36:59.63 
36:59.63 LINK : warning LNK4286: symbol 'PR_Unlock' defined in 'prulock.obj' is imported by 'genname.obj'
36:59.63 
36:59.63 LINK : warning LNK4286: symbol 'PR_Unlock' defined in 'prulock.obj' is imported by 'nssinit.obj'
36:59.63 
36:59.63 LINK : warning LNK4286: symbol 'PR_Now' defined in 'ntmisc.obj' is imported by 'tls13exthandle.obj'
36:59.63 
36:59.63 LINK : warning LNK4286: symbol 'PR_Now' defined in 'ntmisc.obj' is imported by 'ssl3con.obj'
36:59.63 
36:59.63 LINK : warning LNK4286: symbol 'PR_Now' defined in 'ntmisc.obj' is imported by 'sslauth.obj'
36:59.63 
36:59.63 LINK : warning LNK4286: symbol 'PR_Now' defined in 'ntmisc.obj' is imported by 'sslnonce.obj'
36:59.63 
36:59.63 LINK : warning LNK4217: symbol 'PR_Now' defined in 'ntmisc.obj' is imported by 'tls13con.obj' in function 'tls13_HandleNewSessionTicket'
36:59.63 
36:59.63 LINK : warning LNK4286: symbol 'PR_Now' defined in 'ntmisc.obj' is imported by 'p7decode.obj'
36:59.63 
36:59.63 LINK : warning LNK4286: symbol 'PR_Now' defined in 'ntmisc.obj' is imported by 'cmssigdata.obj'
36:59.63 
36:59.63 LINK : warning LNK4286: symbol 'PR_Now' defined in 'ntmisc.obj' is imported by 'cmssiginfo.obj'
36:59.63 
36:59.63 LINK : warning LNK4286: symbol 'PR_Now' defined in 'ntmisc.obj' is imported by 'authcert.obj'
36:59.63 
36:59.63 LINK : warning LNK4286: symbol 'PR_Now' defined in 'ntmisc.obj' is imported by 'pk11auth.obj'
36:59.63 
36:59.63 LINK : warning LNK4217: symbol 'PR_Now' defined in 'ntmisc.obj' is imported by 'pk11cert.obj' in function 'PK11_ListCerts'
36:59.63 
36:59.63 LINK : warning LNK4286: symbol 'PR_Now' defined in 'ntmisc.obj' is imported by 'pk11nobj.obj'
36:59.63 
36:59.63 LINK : warning LNK4286: symbol 'PR_Now' defined in 'ntmisc.obj' is imported by 'p7create.obj'
36:59.63 
36:59.63 LINK : warning LNK4286: symbol 'PR_Now' defined in 'ntmisc.obj' is imported by 'ocsp.obj'
36:59.63 
36:59.63 LINK : warning LNK4286: symbol 'PR_Now' defined in 'ntmisc.obj' is imported by 'seckey.obj'
36:59.63 
36:59.63 LINK : warning LNK4286: symbol 'PR_Now' defined in 'ntmisc.obj' is imported by 'pkibase.obj'
36:59.63 
36:59.63 LINK : warning LNK4286: symbol 'PR_Now' defined in 'ntmisc.obj' is imported by 'tdcache.obj'
36:59.63 
36:59.63 LINK : warning LNK4217: symbol 'PR_Now' defined in 'ntmisc.obj' is imported by 'certdb.obj' in function 'CERT_IsNewer'
36:59.63 
36:59.63 LINK : warning LNK4286: symbol 'PR_Now' defined in 'ntmisc.obj' is imported by 'crl.obj'
36:59.63 
36:59.63 LINK : warning LNK4286: symbol 'PR_Now' defined in 'ntmisc.obj' is imported by 'certhigh.obj'
36:59.63 
36:59.63 LINK : warning LNK4286: symbol 'PR_Now' defined in 'ntmisc.obj' is imported by 'certvfy.obj'
36:59.63 
36:59.63 LINK : warning LNK4217: symbol 'PR_GetEnvSecure' defined in 'prenv.obj' is imported by 'sslsock.obj' in function 'ssl_SetDefaultsFromEnvironment'
36:59.63 
36:59.63 LINK : warning LNK4286: symbol 'PR_GetEnvSecure' defined in 'prenv.obj' is imported by 'secoid.obj'
36:59.63 
36:59.63 LINK : warning LNK4286: symbol 'PR_GetEnvSecure' defined in 'prenv.obj' is imported by 'secport.obj'
36:59.63 
36:59.63 LINK : warning LNK4286: symbol 'PR_GetEnvSecure' defined in 'prenv.obj' is imported by 'utilpars.obj'
36:59.63 
36:59.63 LINK : warning LNK4286: symbol 'PR_GetEnvSecure' defined in 'prenv.obj' is imported by 'sslsnce.obj'
36:59.63 
36:59.63 LINK : warning LNK4217: symbol 'PR_GetEnvSecure' defined in 'prenv.obj' is imported by 'certdb.obj' in function 'cert_TestHostName'
36:59.63 
36:59.63 LINK : warning LNK4286: symbol 'PR_GetEnvSecure' defined in 'prenv.obj' is imported by 'pk11akey.obj'
36:59.63 
36:59.63 LINK : warning LNK4286: symbol 'PR_GetEnvSecure' defined in 'prenv.obj' is imported by 'pk11load.obj'
36:59.63 
36:59.63 LINK : warning LNK4217: symbol 'PR_GetEnvSecure' defined in 'prenv.obj' is imported by 'pk11pars.obj' in function 'SECMOD_CreateModuleEx'
36:59.63 
36:59.63 LINK : warning LNK4217: symbol 'PR_StringToNetAddr' defined in 'prnetdb.obj' is imported by 'certdb.obj' in function 'CERT_VerifyCertName'
36:59.63 
36:59.63 LINK : warning LNK4286: symbol 'PR_StringToNetAddr' defined in 'prnetdb.obj' is imported by 'ocsp.obj'
36:59.63 
36:59.63 LINK : warning LNK4286: symbol 'PR_StringToNetAddr' defined in 'prnetdb.obj' is imported by 'ssl3exthandle.obj'
36:59.63 
36:59.63 LINK : warning LNK4217: symbol 'PR_NetAddrToString' defined in 'prnetdb.obj' is imported by 'certdb.obj' in function 'cert_GetDNSPatternsFromGeneralNames'
36:59.63 
36:59.63 LINK : warning LNK4217: symbol 'PR_ConvertIPv4AddrToIPv6' defined in 'prnetdb.obj' is imported by 'certdb.obj' in function 'cert_VerifySubjectAltName'
36:59.63 
36:59.63 LINK : warning LNK4217: symbol 'PR_ConvertIPv4AddrToIPv6' defined in 'prnetdb.obj' is imported by 'sslsock.obj' in function 'ssl_ValidateDHENamedGroup'
36:59.63 
36:59.63 LINK : warning LNK4217: symbol 'PR_htonl' defined in 'prnetdb.obj' is imported by 'certdb.obj' in function 'cert_VerifySubjectAltName'
36:59.63 
36:59.63 LINK : warning LNK4286: symbol 'PR_GetError' defined in 'prerror.obj' is imported by 'sslsecur.obj'
36:59.63 
36:59.63 LINK : warning LNK4286: symbol 'PR_GetError' defined in 'prerror.obj' is imported by 'sslsnce.obj'
36:59.63 
36:59.63 LINK : warning LNK4286: symbol 'PR_GetError' defined in 'prerror.obj' is imported by 'sslsock.obj'
36:59.63 
36:59.63 LINK : warning LNK4217: symbol 'PR_GetError' defined in 'prerror.obj' is imported by 'crl.obj' in function 'addCRLToCache'
36:59.63 
36:59.63 LINK : warning LNK4286: symbol 'PR_GetError' defined in 'prerror.obj' is imported by 'secport.obj'
36:59.63 
36:59.65 LINK : warning LNK4286: symbol 'PR_GetError' defined in 'prerror.obj' is imported by 'ssl3con.obj'
36:59.65 
36:59.65 LINK : warning LNK4286: symbol 'PR_GetError' defined in 'prerror.obj' is imported by 'ssldef.obj'
36:59.65 
36:59.65 LINK : warning LNK4217: symbol 'PR_sprintf_append' defined in 'prprf.obj' is imported by 'polcyxtn.obj' in function 'stringFromUserNotice'
36:59.65 
36:59.65 LINK : warning LNK4217: symbol 'PR_TicksPerSecond' defined in 'prinrval.obj' is imported by 'ocsp.obj' in function 'fetchOcspHttpClientV1'
36:59.65 
36:59.65 LINK : warning LNK4217: symbol 'PR_SecondsToInterval' defined in 'prinrval.obj' is imported by 'ocsp.obj' in function 'ocsp_ConnectToHost'
36:59.65 
36:59.65 LINK : warning LNK4286: symbol 'PR_SecondsToInterval' defined in 'prinrval.obj' is imported by 'devslot.obj'
36:59.65 
36:59.65 LINK : warning LNK4286: symbol 'PR_SecondsToInterval' defined in 'prinrval.obj' is imported by 'pk11auth.obj'
36:59.65 
36:59.65 LINK : warning LNK4286: symbol 'PR_SecondsToInterval' defined in 'prinrval.obj' is imported by 'pk11slot.obj'
36:59.65 
36:59.65 LINK : warning LNK4217: symbol 'PR_Close' defined in 'priometh.obj' is imported by 'ocsp.obj' in function 'cert_FetchOCSPResponse'
36:59.65 
36:59.65 LINK : warning LNK4286: symbol 'PR_Close' defined in 'priometh.obj' is imported by 'sslsock.obj'
36:59.65 
36:59.65 LINK : warning LNK4217: symbol 'PR_Write' defined in 'priometh.obj' is imported by 'ocsp.obj' in function 'ocsp_SendEncodedRequest'
36:59.65 
36:59.65 LINK : warning LNK4217: symbol 'PR_NewTCPSocket' defined in 'prsocket.obj' is imported by 'ocsp.obj' in function 'ocsp_ConnectToHost'
36:59.65 
36:59.65 LINK : warning LNK4217: symbol 'PR_Connect' defined in 'priometh.obj' is imported by 'ocsp.obj' in function 'ocsp_ConnectToHost'
36:59.65 
36:59.65 LINK : warning LNK4217: symbol 'PR_Recv' defined in 'priometh.obj' is imported by 'ocsp.obj' in function 'ocsp_read'
36:59.65 
36:59.65 LINK : warning LNK4217: symbol 'PR_snprintf' defined in 'prprf.obj' is imported by 'ocsp.obj' in function 'ocsp_SendEncodedRequest'
36:59.65 
36:59.65 LINK : warning LNK4286: symbol 'PR_snprintf' defined in 'prprf.obj' is imported by 'pk11load.obj'
36:59.65 
36:59.65 LINK : warning LNK4286: symbol 'PR_snprintf' defined in 'prprf.obj' is imported by 'pk11pars.obj'
36:59.65 
36:59.65 LINK : warning LNK4286: symbol 'PR_snprintf' defined in 'prprf.obj' is imported by 'tls13con.obj'
36:59.65 
36:59.65 LINK : warning LNK4217: symbol 'PR_GetHostByName' defined in 'prnetdb.obj' is imported by 'ocsp.obj' in function 'ocsp_ConnectToHost'
36:59.65 
36:59.65 LINK : warning LNK4217: symbol 'PR_EnumerateHostEnt' defined in 'prnetdb.obj' is imported by 'ocsp.obj' in function 'ocsp_ConnectToHost'
36:59.65 
36:59.65 LINK : warning LNK4217: symbol 'PR_InitializeNetAddr' defined in 'prnetdb.obj' is imported by 'ocsp.obj' in function 'ocsp_ConnectToHost'
36:59.65 
36:59.65 LINK : warning LNK4217: symbol 'PR_NewMonitor' defined in 'prmon.obj' is imported by 'ocsp.obj' in function 'OCSP_InitGlobal'
36:59.65 
36:59.65 LINK : warning LNK4286: symbol 'PR_NewMonitor' defined in 'prmon.obj' is imported by 'pkibase.obj'
36:59.65 
36:59.65 LINK : warning LNK4286: symbol 'PR_NewMonitor' defined in 'prmon.obj' is imported by 'sslsock.obj'
36:59.65 
36:59.65 LINK : warning LNK4217: symbol 'PR_DestroyMonitor' defined in 'prmon.obj' is imported by 'ocsp.obj' in function 'OCSP_ShutdownGlobal'
36:59.65 
36:59.65 LINK : warning LNK4286: symbol 'PR_DestroyMonitor' defined in 'prmon.obj' is imported by 'pkibase.obj'
36:59.65 
36:59.65 LINK : warning LNK4286: symbol 'PR_DestroyMonitor' defined in 'prmon.obj' is imported by 'sslsock.obj'
36:59.65 
36:59.65 LINK : warning LNK4286: symbol 'PR_EnterMonitor' defined in 'prmon.obj' is imported by 'sslsock.obj'
36:59.65 
36:59.65 LINK : warning LNK4286: symbol 'PR_EnterMonitor' defined in 'prmon.obj' is imported by 'tls13con.obj'
36:59.65 
36:59.65 LINK : warning LNK4286: symbol 'PR_EnterMonitor' defined in 'prmon.obj' is imported by 'ssl3gthr.obj'
36:59.65 
36:59.65 LINK : warning LNK4286: symbol 'PR_EnterMonitor' defined in 'prmon.obj' is imported by 'sslcon.obj'
36:59.65 
36:59.65 LINK : warning LNK4286: symbol 'PR_EnterMonitor' defined in 'prmon.obj' is imported by 'sslreveal.obj'
36:59.65 
36:59.65 LINK : warning LNK4286: symbol 'PR_EnterMonitor' defined in 'prmon.obj' is imported by 'sslsecur.obj'
36:59.65 
36:59.65 LINK : warning LNK4217: symbol 'PR_EnterMonitor' defined in 'prmon.obj' is imported by 'ocsp.obj' in function 'CERT_CacheOCSPResponseFromSideChannel'
36:59.65 
36:59.65 LINK : warning LNK4286: symbol 'PR_EnterMonitor' defined in 'prmon.obj' is imported by 'pkibase.obj'
36:59.65 
36:59.65 LINK : warning LNK4286: symbol 'PR_EnterMonitor' defined in 'prmon.obj' is imported by 'dtlscon.obj'
36:59.65 
36:59.65 LINK : warning LNK4286: symbol 'PR_EnterMonitor' defined in 'prmon.obj' is imported by 'ssl3con.obj'
36:59.65 
36:59.65 LINK : warning LNK4286: symbol 'PR_ExitMonitor' defined in 'prmon.obj' is imported by 'sslsock.obj'
36:59.65 
36:59.65 LINK : warning LNK4286: symbol 'PR_ExitMonitor' defined in 'prmon.obj' is imported by 'tls13con.obj'
36:59.65 
36:59.65 LINK : warning LNK4286: symbol 'PR_ExitMonitor' defined in 'prmon.obj' is imported by 'ssl3gthr.obj'
36:59.65 
36:59.65 LINK : warning LNK4286: symbol 'PR_ExitMonitor' defined in 'prmon.obj' is imported by 'sslcon.obj'
36:59.65 
36:59.65 LINK : warning LNK4286: symbol 'PR_ExitMonitor' defined in 'prmon.obj' is imported by 'sslreveal.obj'
36:59.65 
36:59.65 LINK : warning LNK4286: symbol 'PR_ExitMonitor' defined in 'prmon.obj' is imported by 'sslsecur.obj'
36:59.65 
36:59.65 LINK : warning LNK4217: symbol 'PR_ExitMonitor' defined in 'prmon.obj' is imported by 'ocsp.obj' in function 'CERT_CacheOCSPResponseFromSideChannel'
36:59.65 
36:59.65 LINK : warning LNK4286: symbol 'PR_ExitMonitor' defined in 'prmon.obj' is imported by 'pkibase.obj'
36:59.65 
36:59.65 LINK : warning LNK4286: symbol 'PR_ExitMonitor' defined in 'prmon.obj' is imported by 'dtlscon.obj'
36:59.65 
36:59.65 LINK : warning LNK4286: symbol 'PR_ExitMonitor' defined in 'prmon.obj' is imported by 'ssl3con.obj'
36:59.65 
36:59.65 LINK : warning LNK4217: symbol 'PR_CallOnce' defined in 'prinit.obj' is imported by 'sslnonce.obj' in function 'UncacheSID'
36:59.65 
36:59.65 LINK : warning LNK4286: symbol 'PR_CallOnce' defined in 'prinit.obj' is imported by 'sslsnce.obj'
36:59.65 
36:59.65 LINK : warning LNK4286: symbol 'PR_CallOnce' defined in 'prinit.obj' is imported by 'sslsock.obj'
36:59.65 
36:59.65 LINK : warning LNK4286: symbol 'PR_CallOnce' defined in 'prinit.obj' is imported by 'secport.obj'
36:59.65 
36:59.65 LINK : warning LNK4286: symbol 'PR_CallOnce' defined in 'prinit.obj' is imported by 'cmsudf.obj'
36:59.65 
36:59.65 LINK : warning LNK4286: symbol 'PR_CallOnce' defined in 'prinit.obj' is imported by 'sslerrstrs.obj'
36:59.65 
36:59.65 LINK : warning LNK4286: symbol 'PR_CallOnce' defined in 'prinit.obj' is imported by 'sslgrp.obj'
36:59.65 
36:59.65 LINK : warning LNK4217: symbol 'PR_CallOnce' defined in 'prinit.obj' is imported by 'nssinit.obj' in function 'NSS_RegisterShutdown'
36:59.65 
36:59.65 LINK : warning LNK4286: symbol 'PR_CallOnce' defined in 'prinit.obj' is imported by 'error.obj'
36:59.65 
36:59.65 LINK : warning LNK4217: symbol 'PR_CallOnce' defined in 'prinit.obj' is imported by 'pk11load.obj' in function 'NSSDBGC_CopyObject'
36:59.65 
36:59.65 LINK : warning LNK4286: symbol 'PR_CallOnce' defined in 'prinit.obj' is imported by 'errstrs.obj'
36:59.65 
36:59.65 LINK : warning LNK4217: symbol 'PR_NewCondVar' defined in 'prucv.obj' is imported by 'nssinit.obj' in function 'nss_doLockInit'
36:59.65 
36:59.65 LINK : warning LNK4286: symbol 'PR_NewCondVar' defined in 'prucv.obj' is imported by 'nssrwlk.obj'
36:59.65 
36:59.65 LINK : warning LNK4217: symbol 'PR_WaitCondVar' defined in 'prucv.obj' is imported by 'nssinit.obj' in function 'NSS_Shutdown'
36:59.65 
36:59.65 LINK : warning LNK4286: symbol 'PR_WaitCondVar' defined in 'prucv.obj' is imported by 'nssrwlk.obj'
36:59.65 
36:59.65 LINK : warning LNK4217: symbol 'PR_NotifyCondVar' defined in 'prucv.obj' is imported by 'nssinit.obj' in function 'nss_Init'
36:59.65 
36:59.65 LINK : warning LNK4286: symbol 'PR_NotifyCondVar' defined in 'prucv.obj' is imported by 'nssrwlk.obj'
36:59.65 
36:59.65 LINK : warning LNK4217: symbol 'PR_NotifyAllCondVar' defined in 'prucv.obj' is imported by 'nssinit.obj' in function 'nss_Init'
36:59.65 
36:59.65 LINK : warning LNK4286: symbol 'PR_NotifyAllCondVar' defined in 'prucv.obj' is imported by 'nssrwlk.obj'
36:59.65 
36:59.65 LINK : warning LNK4286: symbol 'PR_Calloc' defined in 'prmem.obj' is imported by 'nssrwlk.obj'
36:59.65 
36:59.65 LINK : warning LNK4286: symbol 'PR_Calloc' defined in 'prmem.obj' is imported by 'secport.obj'
36:59.65 
36:59.65 LINK : warning LNK4217: symbol 'PR_Calloc' defined in 'prmem.obj' is imported by 'arena.obj' in function 'NSS_ZRealloc'
36:59.65 
36:59.65 LINK : warning LNK4286: symbol 'PR_Calloc' defined in 'prmem.obj' is imported by 'error.obj'
36:59.65 
36:59.65 LINK : warning LNK4217: symbol 'PR_Calloc' defined in 'prmem.obj' is imported by 'nssb64d.obj' in function 'NSSBase64_DecodeBuffer_Util'
36:59.65 
36:59.65 LINK : warning LNK4217: symbol 'PR_Calloc' defined in 'prmem.obj' is imported by 'nssb64e.obj' in function 'NSSBase64Encoder_Destroy_Util'
36:59.65 
36:59.65 LINK : warning LNK4286: symbol 'PR_Free' defined in 'prmem.obj' is imported by 'nssrwlk.obj'
36:59.65 
36:59.65 LINK : warning LNK4286: symbol 'PR_Free' defined in 'prmem.obj' is imported by 'secload.obj'
36:59.65 
36:59.65 LINK : warning LNK4286: symbol 'PR_Free' defined in 'prmem.obj' is imported by 'secport.obj'
36:59.65 
36:59.65 LINK : warning LNK4217: symbol 'PR_Free' defined in 'prmem.obj' is imported by 'arena.obj' in function 'NSS_ZFreeIf'
36:59.65 
36:59.65 LINK : warning LNK4286: symbol 'PR_Free' defined in 'prmem.obj' is imported by 'error.obj'
36:59.65 
36:59.65 LINK : warning LNK4286: symbol 'PR_Free' defined in 'prmem.obj' is imported by 'nssb64d.obj'
36:59.65 
36:59.65 LINK : warning LNK4217: symbol 'PR_Free' defined in 'prmem.obj' is imported by 'nssb64e.obj' in function 'NSSBase64_EncodeItem_Util'
36:59.65 
36:59.65 LINK : warning LNK4217: symbol 'PR_NewThreadPrivateIndex' defined in 'prtpd.obj' is imported by 'error.obj' in function 'error_once_function'
36:59.65 
36:59.65 LINK : warning LNK4217: symbol 'PR_SetThreadPrivate' defined in 'prtpd.obj' is imported by 'error.obj' in function 'error_get_my_stack'
36:59.65 
36:59.65 LINK : warning LNK4217: symbol 'PR_GetThreadPrivate' defined in 'prtpd.obj' is imported by 'error.obj' in function 'error_get_my_stack'
36:59.65 
36:59.65 LINK : warning LNK4286: symbol 'PR_IntervalNow' defined in 'prinrval.obj' is imported by 'dtlscon.obj'
36:59.65 
36:59.65 LINK : warning LNK4217: symbol 'PR_IntervalNow' defined in 'prinrval.obj' is imported by 'devslot.obj' in function 'nssSlot_IsTokenPresent'
36:59.65 
36:59.65 LINK : warning LNK4286: symbol 'PR_IntervalNow' defined in 'prinrval.obj' is imported by 'pk11auth.obj'
36:59.65 
36:59.65 LINK : warning LNK4217: symbol 'PR_IntervalNow' defined in 'prinrval.obj' is imported by 'pk11load.obj' in function 'NSSDBGC_GetMechanismList'
36:59.65 
36:59.65 LINK : warning LNK4286: symbol 'PR_IntervalNow' defined in 'prinrval.obj' is imported by 'pk11slot.obj'
36:59.65 
36:59.65 LINK : warning LNK4286: symbol 'PR_CallOnceWithArg' defined in 'prinit.obj' is imported by 'sslsnce.obj'
36:59.65 
36:59.65 LINK : warning LNK4217: symbol 'PR_CallOnceWithArg' defined in 'prinit.obj' is imported by 'pk11cert.obj' in function 'PK11_FindCertAndKeyByRecipientListNew'
36:59.65 
36:59.65 LINK : warning LNK4286: symbol 'PR_CallOnceWithArg' defined in 'prinit.obj' is imported by 'sslcert.obj'
36:59.65 
36:59.65 LINK : warning LNK4286: symbol 'PR_CallOnceWithArg' defined in 'prinit.obj' is imported by 'sslgrp.obj'
36:59.65 
36:59.65 LINK : warning LNK4286: symbol 'PR_CallOnceWithArg' defined in 'prinit.obj' is imported by 'sslinit.obj'
36:59.65 
36:59.65 LINK : warning LNK4217: symbol 'PR_LoadLibrary' defined in 'prlink.obj' is imported by 'pk11load.obj' in function 'secmod_LoadPKCS11Module'
36:59.65 
36:59.65 LINK : warning LNK4217: symbol 'PR_UnloadLibrary' defined in 'prlink.obj' is imported by 'pk11load.obj' in function 'SECMOD_UnloadModule'
36:59.66 
36:59.66 LINK : warning LNK4217: symbol 'PR_FindSymbol' defined in 'prlink.obj' is imported by 'pk11load.obj' in function 'secmod_LoadPKCS11Module'
36:59.66 
36:59.66 LINK : warning LNK4217: symbol 'PR_NewLogModule' defined in 'prlog.obj' is imported by 'pk11load.obj' in function 'nss_InsertDeviceLog'
36:59.66 
36:59.66 LINK : warning LNK4217: symbol 'PR_LogPrint' defined in 'prlog.obj' is imported by 'pk11load.obj' in function 'NSSDBGC_CancelFunction'
36:59.66 
36:59.66 LINK : warning LNK4217: symbol 'PR_IntervalToSeconds' defined in 'prinrval.obj' is imported by 'pk11load.obj' in function 'getPrintTime'
36:59.66 
36:59.66 LINK : warning LNK4217: symbol 'PR_IntervalToMilliseconds' defined in 'prinrval.obj' is imported by 'pk11load.obj' in function 'getPrintTime'
36:59.66 
36:59.66 LINK : warning LNK4217: symbol 'PR_IntervalToMicroseconds' defined in 'prinrval.obj' is imported by 'pk11load.obj' in function 'getPrintTime'
36:59.66 
36:59.66 LINK : warning LNK4217: symbol 'PR_Sleep' defined in 'prcthr.obj' is imported by 'pk11slot.obj' in function 'PK11_WaitForTokenEvent'
36:59.66 
36:59.66 LINK : warning LNK4286: symbol 'PR_Sleep' defined in 'prcthr.obj' is imported by 'pk11util.obj'
36:59.66 
36:59.66 LINK : warning LNK4286: symbol 'PR_Sleep' defined in 'prcthr.obj' is imported by 'ssl3con.obj'
36:59.66 
36:59.66 LINK : warning LNK4217: symbol 'PR_SetErrorText' defined in 'prerror.obj' is imported by 'pk11util.obj' in function 'SECMOD_AddNewModuleEx'
36:59.66 
36:59.66 LINK : warning LNK4217: symbol 'PR_ExplodeTime' defined in 'prtime.obj' is imported by 'dertime.obj' in function 'DER_TimeToGeneralizedTimeArena_Util'
36:59.66 
36:59.66 LINK : warning LNK4217: symbol 'PR_ExplodeTime' defined in 'prtime.obj' is imported by 'sectime.obj' in function 'CERT_UTCTime2FormattedAscii'
36:59.66 
36:59.66 LINK : warning LNK4217: symbol 'PR_ImplodeTime' defined in 'prtime.obj' is imported by 'dertime.obj' in function 'der_TimeStringToTime'
36:59.66 
36:59.66 LINK : warning LNK4217: symbol 'PR_GMTParameters' defined in 'prtime.obj' is imported by 'dertime.obj' in function 'DER_TimeToGeneralizedTimeArena_Util'
36:59.66 
36:59.66 LINK : warning LNK4217: symbol 'PR_GMTParameters' defined in 'prtime.obj' is imported by 'sectime.obj' in function 'CERT_GenTime2FormattedAscii_Util'
36:59.66 
36:59.66 LINK : warning LNK4217: symbol 'PR_ErrorInstallTable' defined in 'prerrortable.obj' is imported by 'errstrs.obj' in function 'nss_InitializePRErrorTableOnce'
36:59.66 
36:59.66 LINK : warning LNK4286: symbol 'PR_ErrorInstallTable' defined in 'prerrortable.obj' is imported by 'sslerrstrs.obj'
36:59.66 
36:59.66 LINK : warning LNK4286: symbol 'PR_SetError' defined in 'prerror.obj' is imported by 'ssl3gthr.obj'
36:59.66 
36:59.66 LINK : warning LNK4286: symbol 'PR_SetError' defined in 'prerror.obj' is imported by 'sslsock.obj'
36:59.66 
36:59.66 LINK : warning LNK4286: symbol 'PR_SetError' defined in 'prerror.obj' is imported by 'win32err.obj'
36:59.66 
36:59.66 LINK : warning LNK4217: symbol 'PR_SetError' defined in 'prerror.obj' is imported by 'nssb64d.obj' in function 'NSSBase64Decoder_Create_Util'
36:59.66 
36:59.66 LINK : warning LNK4217: symbol 'PR_SetError' defined in 'prerror.obj' is imported by 'nssb64e.obj' in function 'PL_Base64EncodeBuffer'
36:59.66 
36:59.66 LINK : warning LNK4286: symbol 'PR_SetError' defined in 'prerror.obj' is imported by 'secport.obj'
36:59.66 
36:59.66 LINK : warning LNK4217: symbol 'PR_SetError' defined in 'prerror.obj' is imported by 'ssl3con.obj' in function 'ssl3_Alg2Mech'
36:59.66 
36:59.66 LINK : warning LNK4217: symbol 'PR_Malloc' defined in 'prmem.obj' is imported by 'nssb64d.obj' in function 'PL_Base64DecodeBuffer'
36:59.66 
36:59.66 LINK : warning LNK4217: symbol 'PR_Malloc' defined in 'prmem.obj' is imported by 'nssb64e.obj' in function 'PL_Base64EncodeBuffer'
36:59.66 
36:59.66 LINK : warning LNK4286: symbol 'PR_Malloc' defined in 'prmem.obj' is imported by 'nssrwlk.obj'
36:59.66 
36:59.66 LINK : warning LNK4286: symbol 'PR_Malloc' defined in 'prmem.obj' is imported by 'secport.obj'
36:59.66 
36:59.66 LINK : warning LNK4217: symbol 'PR_Realloc' defined in 'prmem.obj' is imported by 'nssb64d.obj' in function 'PL_UpdateBase64Decoder'
36:59.66 
36:59.66 LINK : warning LNK4286: symbol 'PR_Realloc' defined in 'prmem.obj' is imported by 'secport.obj'
36:59.66 
36:59.66 LINK : warning LNK4217: symbol 'PR_DestroyCondVar' defined in 'prucv.obj' is imported by 'nssrwlk.obj' in function 'NSSRWLock_Destroy_Util'
36:59.66 
36:59.66 LINK : warning LNK4217: symbol 'PR_GetCurrentThread' defined in 'prcthr.obj' is imported by 'nssrwlk.obj' in function 'NSSRWLock_HaveWriteLock_Util'
36:59.66 
36:59.66 LINK : warning LNK4286: symbol 'PR_GetCurrentThread' defined in 'prcthr.obj' is imported by 'ssl3con.obj'
36:59.66 
36:59.66 LINK : warning LNK4286: symbol 'PR_GetCurrentThread' defined in 'prcthr.obj' is imported by 'sslsecur.obj'
36:59.66 
36:59.66 LINK : warning LNK4217: symbol 'PR_LoadLibraryWithFlags' defined in 'prlink.obj' is imported by 'secload.obj' in function 'PORT_LoadLibraryFromOrigin'
36:59.66 
36:59.66 LINK : warning LNK4217: symbol 'PR_GetLibraryFilePathname' defined in 'prlink.obj' is imported by 'secload.obj' in function 'PORT_LoadLibraryFromOrigin'
36:59.66 
36:59.66 LINK : warning LNK4217: symbol 'PR_GetDirectorySeparator' defined in 'prsystem.obj' is imported by 'secload.obj' in function 'loader_LoadLibInReferenceDir'
36:59.66 
36:59.66 LINK : warning LNK4217: symbol 'PR_LocalTimeParameters' defined in 'prtime.obj' is imported by 'sectime.obj' in function 'CERT_UTCTime2FormattedAscii'
36:59.66 
36:59.66 LINK : warning LNK4217: symbol 'PR_FormatTime' defined in 'prtime.obj' is imported by 'sectime.obj' in function 'CERT_GenTime2FormattedAscii_Util'
36:59.66 
36:59.66 LINK : warning LNK4217: symbol 'PR_Delete' defined in 'prfile.obj' is imported by 'utilmod.obj' in function 'nssutil_DeleteSecmodDBEntry'
36:59.66 
36:59.66 LINK : warning LNK4217: symbol 'PR_Rename' defined in 'prfile.obj' is imported by 'utilmod.obj' in function 'nssutil_DeleteSecmodDBEntry'
36:59.66 
36:59.66 LINK : warning LNK4217: symbol 'PR_Access' defined in 'prfile.obj' is imported by 'utilmod.obj' in function 'nssutil_ReadSecmodDB'
36:59.66 
36:59.66 LINK : warning LNK4217: symbol 'PR_MillisecondsToInterval' defined in 'prinrval.obj' is imported by 'dtlscon.obj' in function 'DTLS_GetHandshakeTimeout'
36:59.66 
36:59.66 LINK : warning LNK4217: symbol 'PR_htonll' defined in 'prnetdb.obj' is imported by 'ssl3con.obj' in function 'ssl_EncodeUintX'
36:59.66 
36:59.66 LINK : warning LNK4217: symbol 'PR_RWLock_Rlock' defined in 'prrwlock.obj' is imported by 'ssl3con.obj' in function 'ssl3_SendClientHello'
36:59.66 
36:59.66 LINK : warning LNK4286: symbol 'PR_RWLock_Rlock' defined in 'prrwlock.obj' is imported by 'sslsnce.obj'
36:59.66 
36:59.66 LINK : warning LNK4217: symbol 'PR_RWLock_Unlock' defined in 'prrwlock.obj' is imported by 'ssl3con.obj' in function 'ssl3_SendClientHello'
36:59.66 
36:59.66 LINK : warning LNK4286: symbol 'PR_RWLock_Unlock' defined in 'prrwlock.obj' is imported by 'sslnonce.obj'
36:59.66 
36:59.66 LINK : warning LNK4286: symbol 'PR_RWLock_Unlock' defined in 'prrwlock.obj' is imported by 'sslsnce.obj'
36:59.66 
36:59.66 LINK : warning LNK4217: symbol 'PR_GetMonitorEntryCount' defined in 'prmon.obj' is imported by 'ssl3con.obj' in function 'SSL3_SendAlert'
36:59.66 
36:59.66 LINK : warning LNK4217: symbol 'PR_ntohl' defined in 'prnetdb.obj' is imported by 'ssl3exthandle.obj' in function 'ssl3_ProcessSessionTicketCommon'
36:59.66 
36:59.66 LINK : warning LNK4286: symbol 'PR_ntohl' defined in 'prnetdb.obj' is imported by 'tls13con.obj'
36:59.66 
36:59.66 LINK : warning LNK4286: symbol 'PR_ntohl' defined in 'prnetdb.obj' is imported by 'tls13exthandle.obj'
36:59.66 
36:59.66 LINK : warning LNK4217: symbol 'PR_ntohll' defined in 'prnetdb.obj' is imported by 'ssl3gthr.obj' in function 'ssl3_GatherCompleteHandshake'
36:59.66 
36:59.66 LINK : warning LNK4217: symbol 'PR_PopIOLayer' defined in 'prlayer.obj' is imported by 'ssldef.obj' in function 'ssl_DefClose'
36:59.66 
36:59.66 LINK : warning LNK4217: symbol 'PR_NewRWLock' defined in 'prrwlock.obj' is imported by 'sslnonce.obj' in function 'CacheSID'
36:59.66 
36:59.66 LINK : warning LNK4286: symbol 'PR_NewRWLock' defined in 'prrwlock.obj' is imported by 'sslsnce.obj'
36:59.66 
36:59.66 LINK : warning LNK4217: symbol 'PR_DestroyRWLock' defined in 'prrwlock.obj' is imported by 'sslnonce.obj' in function 'ssl_DestroySID'
36:59.66 
36:59.66 LINK : warning LNK4286: symbol 'PR_DestroyRWLock' defined in 'prrwlock.obj' is imported by 'sslsnce.obj'
36:59.66 
36:59.66 LINK : warning LNK4217: symbol 'PR_RWLock_Wlock' defined in 'prrwlock.obj' is imported by 'sslnonce.obj' in function 'ssl3_SetSIDSessionTicket'
36:59.66 
36:59.66 LINK : warning LNK4286: symbol 'PR_RWLock_Wlock' defined in 'prrwlock.obj' is imported by 'sslsnce.obj'
36:59.66 
36:59.66 LINK : warning LNK4217: symbol 'PR_MemMap' defined in 'prmmap.obj' is imported by 'sslsnce.obj' in function 'InitCache'
36:59.66 
36:59.66 LINK : warning LNK4217: symbol 'PR_MemUnmap' defined in 'prmmap.obj' is imported by 'sslsnce.obj' in function 'CloseCache'
36:59.66 
36:59.66 LINK : warning LNK4217: symbol 'PR_CloseFileMap' defined in 'prmmap.obj' is imported by 'sslsnce.obj' in function 'CloseCache'
36:59.66 
36:59.66 LINK : warning LNK4217: symbol 'PR_OpenAnonFileMap' defined in 'prshma.obj' is imported by 'sslsnce.obj' in function 'InitCache'
36:59.66 
36:59.66 LINK : warning LNK4217: symbol 'PR_ExportFileMapAsString' defined in 'prshma.obj' is imported by 'sslsnce.obj' in function 'ssl_ConfigMPServerSIDCacheWithOpt'
36:59.66 
36:59.66 LINK : warning LNK4217: symbol 'PR_ImportFileMapFromString' defined in 'prshma.obj' is imported by 'sslsnce.obj' in function 'SSL_InheritMPServerSIDCacheInstance'
36:59.66 
36:59.66 LINK : warning LNK4217: symbol 'PR_GetUniqueIdentity' defined in 'prlayer.obj' is imported by 'sslsock.obj' in function 'ssl_InitIOLayer'
36:59.66 
36:59.66 LINK : warning LNK4217: symbol 'PR_GetIdentitiesLayer' defined in 'prlayer.obj' is imported by 'sslsock.obj' in function 'ssl_FindSocket'
36:59.66 
36:59.66 LINK : warning LNK4217: symbol 'PR_GetDefaultIOMethods' defined in 'prlayer.obj' is imported by 'sslsock.obj' in function 'ssl_SetupIOMethods'
36:59.66 
36:59.66 LINK : warning LNK4217: symbol 'PR_CreateIOLayerStub' defined in 'prlayer.obj' is imported by 'sslsock.obj' in function 'ssl_PushIOLayer'
36:59.66 
36:59.66 LINK : warning LNK4217: symbol 'PR_PushIOLayer' defined in 'prlayer.obj' is imported by 'sslsock.obj' in function 'ssl_PushIOLayer'
36:59.66 
36:59.66 LINK : warning LNK4217: symbol 'PR_GetSocketOption' defined in 'priometh.obj' is imported by 'sslsock.obj' in function 'ssl_FdIsBlocking'
36:59.66 
36:59.66 Accessible2_2_p.c
36:59.73 ISimpleDOM_p.c
36:59.82 module.res
36:59.90 PrintTargetThebes.cpp
36:59.93 not_strip nss3.dll
36:59.99 reverse.c
37:00.15 tlsprf.c
37:00.24 module.res
37:00.27 softokn.lib.desc
37:00.38 Creating Resource file: module.res
37:00.51 lgpllibs.dll
37:00.51 dlldata.c
37:00.53 Accessible2_3_p.c
37:00.65 Creating Resource file: module.res
37:00.82 samplefmt.c
37:00.89 AccessibleMarshal.dll
37:01.23 PrintTargetWindows.cpp
37:01.37 AccessibleAction_p.c
37:01.39    Creating library lgpllibs.lib and object lgpllibs.exp
37:01.39 
37:01.61 AccessibleApplication_p.c
37:01.72 not_strip lgpllibs.dll
37:01.72 threadmessage.c
37:01.81    Creating library AccessibleMarshal.lib and object AccessibleMarshal.exp
37:01.81 
37:01.81 module.res
37:01.95 time.c
37:02.20 not_strip AccessibleMarshal.dll
37:02.22 freebl3.dll.def
37:02.50 AccessibleComponent_p.c
37:02.81 timecode.c
37:03.04 Creating Resource file: module.res
37:03.06 module.res
37:03.89 gfxASurface.cpp
37:03.89 AccessibleDocument_p.c
37:03.97 gfxAlphaRecoverySSE2.cpp
37:04.05 Creating Resource file: module.res
37:04.05 utils.c
37:04.05 empty.c
37:04.51 mozavutil.dll
37:04.76 module.res
37:04.98 AccessibleEditableText_p.c
37:05.16 AccessibleHyperlink_p.c
37:05.38 aeskeywrap.c
37:06.92    Creating library mozavutil.lib and object mozavutil.exp
37:06.92 
37:07.24 nsEditorApp.cpp
37:07.39 AccessibleHypertext_p.c
37:07.41 Creating Resource file: module.res
37:07.44 alg2268.c
37:07.64 not_strip mozavutil.dll
37:07.69 certext.c
37:07.78 bluegriffondev.exe
37:08.66 gfxDWriteCommon.cpp
37:08.71 alghmac.c
37:08.86 AccessibleHypertext2_p.c
37:08.96 module.res
37:09.44 certutil.c
37:09.52 Unified_cpp_angle_src_libGLESv20.cpp
37:09.52 arcfive.c
37:09.55 libGLESv2.dll
37:09.60 AccessibleImage_p.c
37:09.77 nssckbi.dll.def
37:09.86 keystuff.c
37:09.91 not_strip bluegriffondev.exe
37:09.91 Creating Resource file: module.res
37:10.04 arcfour.c
37:10.41 certutil.exe
37:10.55 AccessibleRelation_p.c
37:11.35    Creating library libGLESv2.lib and object libGLESv2.exp
37:11.35 
37:11.68 not_strip libGLESv2.dll
37:11.77 camellia.c
37:11.77 empty.c
37:12.01 AccessibleTable_p.c
37:12.56 not_strip certutil.exe
37:12.85 chacha20.c
37:12.93 anchor.c
37:13.29 gfxDWriteFonts.cpp
37:13.29 AccessibleTable2_p.c
37:13.90 chacha20poly1305.c
37:13.90 gfxDrawable.cpp
37:14.20 AccessibleTableCell_p.c
37:14.20 bfind.c
37:14.21 ctr.c
37:14.21 binst.c
37:14.50 sqlite.lib.desc
37:14.60 bobject.c
37:14.67 AccessibleText_p.c
37:14.90 module.res
37:15.33 cts.c
37:15.50 gfxFontUtils.cpp
37:15.50 bsession.c
37:15.50 AccessibleText2_p.c
37:15.65 Creating Resource file: module.res
37:16.15 des.c
37:16.23 nspr.lib.desc
37:16.26 pk12util.c
37:16.34 bslot.c
37:16.34 pk12util.exe
37:16.48 AccessibleValue_p.c
37:16.89 desblapi.c
37:17.33 btoken.c
37:17.58 Accessible2_i.c
37:17.84 dh.c
37:18.05 ckbiver.c
37:18.99 Accessible2_2_i.c
37:18.99 gfxGDIFont.cpp
37:19.06 not_strip pk12util.exe
37:19.11 constants.c
37:19.22 module.res
37:19.33    Compiling webrender_bindings v0.1.0 (file:///D:/a/bluegriffon/bluegriffon/gecko-dev/gfx/webrender_bindings)
37:19.45 drbg.c
37:19.91 certdata.c
37:19.91 Accessible2_3_i.c
37:20.19 Creating Resource file: module.res
37:20.22 gfxGDIFontList.cpp
37:20.32 nssckbi.dll
37:20.69 AccessibleAction_i.c
37:20.69 dsa.c
37:20.74 install-ds.c
37:20.96 module.res
37:21.58 AccessibleApplication_i.c
37:21.58 nssckbi.dll.def(23) : warning LNK4275: 'LIBRARY' statement cannot appear after 'LIBRARY' or 'NAME'; ignored
37:21.58 
37:21.58    Creating library nssckbi.lib and object nssckbi.exp
37:21.58 
37:21.71 ec.c
37:21.80 shlibsign.c
37:21.80 install.c
37:21.99 not_strip nssckbi.dll
37:22.02 Creating Resource file: module.res
37:22.26 AccessibleComponent_i.c
37:22.48 shlibsign.exe
37:22.68 ecdecode.c
37:22.76 installparse.c
37:23.12 AccessibleDocument_i.c
37:23.93 AccessibleEditableText_i.c
37:24.01 curve25519_64.c
37:24.38 instsec.c
37:25.07 AccessibleHyperlink_i.c
37:25.34 not_strip shlibsign.exe
37:26.31 AccessibleHypertext_i.c
37:27.11 lex.Pk11Install_yy.c
37:27.14 ec_naf.c
37:27.14 gfxWindowsNativeDrawing.cpp
37:27.75 AccessibleImage_i.c
37:27.75 AccessibleHypertext2_i.c
37:27.86 gfxPrefs.cpp
37:27.92 module.res
37:28.08 modutil.c
37:28.28 AccessibleRelation_i.c
37:28.39 ecl.c
37:28.47 module.res
37:28.70 pk11.c
37:29.01 AccessibleTable_i.c
37:29.01 Creating Resource file: module.res
37:29.03 mozavcodec.dll.def
37:29.14 ecl_gf.c
37:29.43 modutil.exe
37:30.09 AccessibleTable2_i.c
37:30.12 Unified_cpp_gfx_angle_src_libEGL0.cpp
37:30.23 Creating Resource file: module.res
37:30.45 ecl_mult.c
37:31.21 libEGL.dll
37:31.28 gfxPlatform.cpp
37:31.40 AccessibleTableCell_i.c
37:31.56 allcodecs.c
37:31.76 softokn3.dll.def
37:31.94 ecp_25519.c
37:32.22 AccessibleText_i.c
37:32.47    Creating library libEGL.lib and object libEGL.exp
37:32.47 
37:32.47 audioconvert.c
37:32.47 not_strip modutil.exe
37:32.67 module.res
37:32.85 ecp_256.c
37:32.88 not_strip libEGL.dll
37:33.11 AccessibleText2_i.c
37:33.16 module.res
37:33.24 empty.c
37:33.28 avpacket.c
37:33.60 Creating Resource file: module.res
37:33.64 ecp_256_32.c
37:33.73 AccessibleValue_i.c
37:33.80 softokn3.dll
37:34.08 Creating Resource file: module.res
37:34.15 ecp_384.c
37:34.41 avpicture.c
37:34.41 IA2Marshal.dll
37:35.32 gfxWindowsPlatform.cpp
37:35.67 js_static.lib
37:35.70 softokn3.dll.def(22) : warning LNK4275: 'LIBRARY' statement cannot appear after 'LIBRARY' or 'NAME'; ignored
37:35.70 
37:35.70    Creating library softokn3.lib and object softokn3.exp
37:35.70 
37:36.06    Creating library IA2Marshal.lib and object IA2Marshal.exp
37:36.06 
37:36.07 bitstream.c
37:36.07 Warning: C4334 in D:\a\bluegriffon\bluegriffon\gecko-dev\media\ffvpx\libavcodec\bitstream.c: '<<': result of 32-bit shift implicitly converted to 64 bits (was 64-bit shift intended?)
37:36.07 D:/a/bluegriffon/bluegriffon/gecko-dev/media/ffvpx/libavcodec/bitstream.c(124): warning C4334: '<<': result of 32-bit shift implicitly converted to 64 bits (was 64-bit shift intended?)
37:36.07 ecp_521.c
37:36.11 not_strip softokn3.dll
37:36.14    Compiling gkrust-shared v0.1.0 (file:///D:/a/bluegriffon/bluegriffon/gecko-dev/toolkit/library/rust/shared)
37:36.20 gfxWindowsSurface.cpp
37:36.59 ecp_aff.c
37:36.59 Embedding manifest from D:/a/bluegriffon/bluegriffon/gecko-dev/accessible/interfaces/ia2/IA2Marshal.dll.manifest
37:36.87 codec_desc.c
37:36.89 ecp_jac.c
37:37.27 dummy_funcs.c
37:37.55    Compiling gkrust v0.1.0 (file:///D:/a/bluegriffon/bluegriffon/gecko-dev/toolkit/library/rust)
37:37.60 not_strip IA2Marshal.dll
37:37.71 ecp_jm.c
37:37.90 flac.c
37:38.10 ecp_mont.c
37:38.60 freeblver.c
37:38.60 uint128.c
37:38.60 flac_parser.c
37:38.85 fipsfreebl.c
37:38.94 flacdata.c
37:39.37 gcm.c
37:39.54 hmacct.c
37:39.58 intel-gcm-wrap.c
37:39.81 jpake.c
37:40.46 flacdec.c
37:41.37 flacdsp.c
37:41.44 golomb.c
37:42.83 ldvector.c
37:43.28 h264pred.c
37:43.35 md2.c
37:44.05 md5.c
37:44.21 mp_gf2m.c
37:44.24 log2_tab.c
37:44.35 mathtables.c
37:44.35 imgconvert.c
37:45.27 options.c
37:46.41 mpi.c
37:46.41 parser.c
37:47.87 mpi_amd64.c
37:48.27 mpcpucache.c
37:49.74 Unified_cpp_gfx_thebes0.cpp
37:50.01 profiles.c
37:50.07 mplogic.c
37:50.51 Unified_cpp_gfx_thebes1.cpp
37:50.55 gfx_thebes.lib.desc
37:50.59 pthread.c
37:50.65 mpmontg.c
37:50.70 pthread_frame.c
37:50.90 poly1305.c
37:51.08 mpprime.c
37:51.22 pthread_slice.c
37:51.30 pqg.c
37:51.36 rawhash.c
37:51.39 qsv_api.c
37:51.53 raw.c
37:51.68 resample.c
37:51.79 reverse.c
37:51.91 rijndael.c
37:52.01 rsa.c
37:52.01 Warning: C4018 in D:\a\bluegriffon\bluegriffon\gecko-dev\security\nss\lib\freebl\rsa.c: '<': signed/unsigned mismatch
37:52.01 D:/a/bluegriffon/bluegriffon/gecko-dev/security/nss/lib/freebl/rsa.c(251): warning C4018: '<': signed/unsigned mismatch
37:52.01 Warning: C4018 in D:\a\bluegriffon\bluegriffon\gecko-dev\security\nss\lib\freebl\rsa.c: '<': signed/unsigned mismatch
37:52.01 D:/a/bluegriffon/bluegriffon/gecko-dev/security/nss/lib/freebl/rsa.c(255): warning C4018: '<': signed/unsigned mismatch
37:52.13 resample2.c
37:52.63 utils.c
37:52.63 Warning: C4996 in D:\a\bluegriffon\bluegriffon\gecko-dev\media\ffvpx\libavcodec\utils.c: 'av_dup_packet': was declared deprecated
37:52.63 D:/a/bluegriffon/bluegriffon/gecko-dev/media/ffvpx/libavcodec/utils.c(1916): warning C4996: 'av_dup_packet': was declared deprecated
37:52.63 Warning: C4996 in D:\a\bluegriffon\bluegriffon\gecko-dev\media\ffvpx\libavcodec\utils.c: 'av_dup_packet': was declared deprecated
37:52.63 D:/a/bluegriffon/bluegriffon/gecko-dev/media/ffvpx/libavcodec/utils.c(2012): warning C4996: 'av_dup_packet': was declared deprecated
37:52.63 Warning: C4996 in D:\a\bluegriffon\bluegriffon\gecko-dev\media\ffvpx\libavcodec\utils.c: 'avcodec_decode_video2': was declared deprecated
37:52.63 D:/a/bluegriffon/bluegriffon/gecko-dev/media/ffvpx/libavcodec/utils.c(2788): warning C4996: 'avcodec_decode_video2': was declared deprecated
37:52.63 Warning: C4996 in D:\a\bluegriffon\bluegriffon\gecko-dev\media\ffvpx\libavcodec\utils.c: 'avcodec_decode_audio4': was declared deprecated
37:52.63 D:/a/bluegriffon/bluegriffon/gecko-dev/media/ffvpx/libavcodec/utils.c(2793): warning C4996: 'avcodec_decode_audio4': was declared deprecated
37:52.63 Warning: C4996 in D:\a\bluegriffon\bluegriffon\gecko-dev\media\ffvpx\libavcodec\utils.c: 'avcodec_encode_video2': was declared deprecated
37:52.63 D:/a/bluegriffon/bluegriffon/gecko-dev/media/ffvpx/libavcodec/utils.c(2939): warning C4996: 'avcodec_encode_video2': was declared deprecated
37:52.63 Warning: C4996 in D:\a\bluegriffon\bluegriffon\gecko-dev\media\ffvpx\libavcodec\utils.c: 'avcodec_encode_audio2': was declared deprecated
37:52.63 D:/a/bluegriffon/bluegriffon/gecko-dev/media/ffvpx/libavcodec/utils.c(2942): warning C4996: 'avcodec_encode_audio2': was declared deprecated
37:52.63 rsapkcs.c
37:52.90 seed.c
37:53.33 videodsp.c
37:53.51 vorbis_parser.c
37:53.69 sha_fast.c
37:53.85 vp56rac.c
37:53.97 vp8_parser.c
37:55.19 Microsoft (R) Macro Assembler (x64) Version 14.44.35223.0
37:55.19 Copyright (C) Microsoft Corporation.  All rights reserved.
37:55.19 
37:55.19  Assembling: D:/a/bluegriffon/bluegriffon/gecko-dev/security/nss/lib/freebl/arcfour-amd64-masm.asm
37:55.43 shvfy.c
37:56.18 sysrand.c
37:56.48 vp8dsp.c
37:56.48 tlsprfalg.c
37:56.98 sha512.c
37:57.39 Microsoft (R) Macro Assembler (x64) Version 14.44.35223.0
37:57.39 Copyright (C) Microsoft Corporation.  All rights reserved.
37:57.39 
37:57.39  Assembling: D:/a/bluegriffon/bluegriffon/gecko-dev/security/nss/lib/freebl/intel-aes-x64-masm.asm
37:57.72 vp9_parser.c
37:58.20 vp9dsp.c
38:00.53 vp9dsp_12bpp.c
38:00.80 Microsoft (R) Macro Assembler (x64) Version 14.44.35223.0
38:00.80 Copyright (C) Microsoft Corporation.  All rights reserved.
38:00.80 
38:00.80  Assembling: D:/a/bluegriffon/bluegriffon/gecko-dev/security/nss/lib/freebl/intel-gcm-x64-masm.asm
38:01.05 vp9dsp_10bpp.c
38:01.05 module.res
38:01.05 Microsoft (R) Macro Assembler (x64) Version 14.44.35223.0
38:01.05 Copyright (C) Microsoft Corporation.  All rights reserved.
38:01.05 
38:01.05  Assembling: D:/a/bluegriffon/bluegriffon/gecko-dev/security/nss/lib/freebl/mpi/mp_comba_amd64_masm.asm
38:01.80 module.res
38:01.96 Creating Resource file: module.res
38:02.60 Creating Resource file: module.res
38:02.60 Microsoft (R) Macro Assembler (x64) Version 14.44.35223.0
38:02.60 Copyright (C) Microsoft Corporation.  All rights reserved.
38:02.60 
38:02.60  Assembling: D:/a/bluegriffon/bluegriffon/gecko-dev/security/nss/lib/freebl/mpi/mpi_amd64_masm.asm
38:04.35 freebl3.dll
38:06.21 vp9dsp_8bpp.c
38:06.59 xiph.c
38:07.07 vp9.c
38:07.15 freebl3.dll.def(23) : warning LNK4275: 'LIBRARY' statement cannot appear after 'LIBRARY' or 'NAME'; ignored
38:07.15 
38:07.15    Creating library freebl3.lib and object freebl3.exp
38:07.15 
38:07.20 not_strip freebl3.dll
38:08.10 vp8.c
38:08.10 mozavcodec.dll
38:08.39    Creating library mozavcodec.lib and object mozavcodec.exp
38:08.39 
38:08.43 not_strip mozavcodec.dll
38:32.08 note: link against the following native artifacts when linking against this static library
38:32.08 
38:32.08 note: the order and any duplication can be significant on some platforms, and so may need to be preserved
38:32.08 
38:32.08 note: library: gdi32
38:32.08 
38:32.08 note: library: kernel32
38:32.08 
38:32.08 note: library: advapi32
38:32.08 
38:32.08 note: library: ws2_32
38:32.08 
38:32.08 note: library: userenv
38:32.08 
38:32.08 note: library: shell32
38:32.08 
38:32.08 note: library: msvcrt
38:32.08 
38:32.12     Finished release [optimized + debuginfo] target(s) in 419.92 secs
38:32.25 module.res
38:32.26 Creating Resource file: module.res
38:32.67 StaticXULComponentsStart.cpp
38:32.87 nsDllMain.cpp
38:32.87 xul_s.lib.desc
38:32.87 xul.dll
38:43.56    Creating library xul.lib and object xul.exp
38:43.56 
38:44.31 not_strip xul.dll
38:44.55 module.res
38:44.57 module.res
38:44.57 Creating Resource file: module.res
38:44.58 Creating Resource file: module.res
38:44.63 module.res
38:44.64 Creating Resource file: module.res
38:44.71 Warning: RC4005 in D:\a\bluegriffon\bluegriffon\gecko-dev\opt64\dist\include\mozilla-config.h: 'WINVER' : redefinition
38:44.71 D:/a/bluegriffon/bluegriffon/gecko-dev/opt64/dist/include\mozilla-config.h(104) : warning RC4005: 'WINVER' : redefinition
38:44.71 
38:44.71 Warning: RC4005 in D:\a\bluegriffon\bluegriffon\gecko-dev\opt64\dist\include\mozilla-config.h: '_WIN32_IE' : redefinition
38:44.71 D:/a/bluegriffon/bluegriffon/gecko-dev/opt64/dist/include\mozilla-config.h(112) : warning RC4005: '_WIN32_IE' : redefinition
38:44.71 
38:44.71 Warning: RC4005 in D:\a\bluegriffon\bluegriffon\gecko-dev\opt64\dist\include\mozilla-config.h: '_WIN32_WINNT' : redefinition
38:44.71 D:/a/bluegriffon/bluegriffon/gecko-dev/opt64/dist/include\mozilla-config.h(113) : warning RC4005: '_WIN32_WINNT' : redefinition
38:44.71 
38:45.00 dummydll.cpp
38:45.00 qipcap64.dll
38:45.32 not_strip qipcap64.dll
38:45.71 MozillaRuntimeMain.cpp
38:45.71 plugin-container.exe
38:45.94 LINK : warning LNK4199: /DELAYLOAD:nss3.dll ignored; no imports found from nss3.dll
38:45.94 
38:45.96 xpcshell.cpp
38:45.96 xpcshell.exe
38:45.99 not_strip plugin-container.exe
38:46.21 Embedding manifest from D:/a/bluegriffon/bluegriffon/gecko-dev/js/xpconnect/shell/xpcshell.exe.manifest
38:46.24 not_strip xpcshell.exe
38:48.15 dependentlibs.list
38:48.66 Exporting extension to addon-manager.xpi.
38:49.18 Exporting extension to author-email.xpi.
38:49.71 Exporting extension to child_process.xpi.
38:50.26 Exporting extension to chrome.xpi.
38:50.82 Exporting extension to content-permissions.xpi.
38:51.17 Exporting extension to content-script-messages-latency.xpi.
38:51.42 Exporting extension to contributors.xpi.
38:51.65 Exporting extension to curly-id.xpi.
38:51.90 Exporting extension to developers.xpi.
38:52.24 Exporting extension to e10s-content.xpi.
38:52.53 Exporting extension to e10s-l10n.xpi.
38:52.78 Exporting extension to e10s-remote.xpi.
38:53.07 Exporting extension to e10s-tabs.xpi.
38:53.34 Exporting extension to e10s.xpi.
38:53.62 Exporting extension to embedded-webextension.xpi.
38:53.89 Exporting extension to l10n-properties.xpi.
38:53.89 D:\a\bluegriffon\bluegriffon\gecko-dev\addon-sdk\source\python-lib\cuddlefish\xpi.py:22: UserWarning: Duplicate name: 'locale/'
38:53.89   zf.writestr(dirinfo, "")
38:54.17 Exporting extension to l10n.xpi.
38:54.50 Exporting extension to layout-change.xpi.
38:54.50 Warning: missing module: sdk/widget
38:54.50 Warning: missing module: widget
38:54.73 Exporting extension to main.xpi.
38:54.98 Exporting extension to name-in-numbers-plus.xpi.
38:55.22 Exporting extension to name-in-numbers.xpi.
38:55.47 Exporting extension to packaging.xpi.
38:55.70 Exporting extension to packed.xpi.
38:55.98 Exporting extension to page-mod-debugger-post.xpi.
38:56.28 Exporting extension to page-mod-debugger-pre.xpi.
38:56.51 Exporting extension to page-worker.xpi.
38:56.87 Exporting extension to places.xpi.
38:57.12 Exporting extension to predefined-id-with-at.xpi.
38:57.36 Exporting extension to preferences-branch.xpi.
38:57.69 Exporting extension to private-browsing-supported.xpi.
38:57.94 Exporting extension to remote.xpi.
38:58.22 Exporting extension to require.xpi.
38:58.47 Exporting extension to self.xpi.
38:58.75 Exporting extension to simple-prefs-l10n.xpi.
38:59.03 Exporting extension to simple-prefs-regression.xpi.
38:59.31 Exporting extension to simple-prefs.xpi.
38:59.55 Exporting extension to standard-id.xpi.
38:59.83 Exporting extension to tab-close-on-startup.xpi.
39:00.08 Exporting extension to toolkit-require-reload.xpi.
39:00.08 Warning: missing module: ./toolkit-require-reload-child
39:00.33 Exporting extension to translators.xpi.
39:00.60 Exporting extension to unsafe-content-script.xpi.
39:01.83 native-addon-test.xpi
39:02.03 native-overrides-test.xpi
39:33.45 Build configuration changed. Regenerating backend.
39:42.51 Reticulating splines...
39:42.51 Finished reading 987 moz.build files in 2.43s
39:42.51 Read 60 gyp files in parallel contributing 0.00s to total wall time
39:42.51 Processed into 7754 build config descriptors in 2.20s
39:42.51 RecursiveMake backend executed in 2.17s
39:42.51   2292 total backend files; 0 created; 1 updated; 2291 unchanged; 0 deleted; 64 -> 850 Makefile
39:42.51 FasterMake backend executed in 0.31s
39:42.51   6 total backend files; 0 created; 2 updated; 4 unchanged; 0 deleted
39:42.51 VisualStudio backend executed in 1.02s
39:42.51 Generated Visual Studio solution at D:/a/bluegriffon/bluegriffon/gecko-dev/opt64\msvc\mozilla.sln
39:42.51 Total wall time: 8.74s; CPU time: 8.73s; Efficiency: 100%; Untracked: 0.61s
39:42.87 Packaging quitter@mozilla.org.xpi...
39:43.12 1155 compiler warnings present.
39:44.77 We know it took a while, but your build finally finished successfully!
To view resource usage of the build, run |mach resource-usage|.
To take your build for a test drive, run: |mach run|
+ build_rc=0
+ set -e
+ '[' 0 -ne 0 ']'
+ dist_bin=/d/a/bluegriffon/bluegriffon/gecko-dev/opt64/dist/bin
+ echo 'Resolved objdir: /d/a/bluegriffon/bluegriffon/gecko-dev/opt64'
Resolved objdir: /d/a/bluegriffon/bluegriffon/gecko-dev/opt64
+ echo 'Listing dist/bin (if it exists): /d/a/bluegriffon/bluegriffon/gecko-dev/opt64/dist/bin'
Listing dist/bin (if it exists): /d/a/bluegriffon/bluegriffon/gecko-dev/opt64/dist/bin
+ '[' -d /d/a/bluegriffon/bluegriffon/gecko-dev/opt64/dist/bin ']'
+ ls -la /d/a/bluegriffon/bluegriffon/gecko-dev/opt64/dist/bin
total 75003
drwxr-xr-x 1 runneradmin 197121        0 Mar 17 06:09 .
drwxr-xr-x 1 runneradmin 197121        0 Mar 17 05:32 ..
-rw-r--r-- 1 runneradmin 197121     5305 Mar 17 05:29 .gdbinit
-rw-r--r-- 1 runneradmin 197121      106 Mar 17 06:08 .gdbinit_python
-rw-r--r-- 1 runneradmin 197121      159 Mar 17 06:08 .lldbinit
-rw-r--r-- 1 runneradmin 197121     3008 Mar 17 05:31 Accessible.tlb
-rwxr-xr-x 1 runneradmin 197121   154624 Mar 17 06:06 AccessibleHandler.dll
-rwxr-xr-x 1 runneradmin 197121    20992 Mar 17 06:06 AccessibleMarshal.dll
-rw-r--r-- 1 runneradmin 197121      384 Mar 17 05:31 application.ini
-rwxr-xr-x 1 runneradmin 197121   239616 Mar 17 06:07 bluegriffondev.exe
-rwxr-xr-x 1 runneradmin 197121   126976 Mar 17 06:07 certutil.exe
drwxr-xr-x 1 runneradmin 197121        0 Mar 17 06:09 chrome
-rw-r--r-- 1 runneradmin 197121     4037 Mar 17 06:09 chrome.manifest
drwxr-xr-x 1 runneradmin 197121        0 Mar 17 06:08 components
-rwxr-xr-x 1 runneradmin 197121  4741488 Jan 27 06:18 d3dcompiler_47.dll
drwxr-xr-x 1 runneradmin 197121        0 Mar 17 05:31 defaults
-rw-r--r-- 1 runneradmin 197121       46 Mar 17 06:08 dependentlibs.list
-rw-r--r-- 1 runneradmin 197121       52 Mar 17 06:08 dependentlibs.list.gtest
drwxr-xr-x 1 runneradmin 197121        0 Mar 17 06:08 dictionaries
drwxr-xr-x 1 runneradmin 197121        0 Mar 17 06:09 distribution
-rwxr-xr-x 1 runneradmin 197121   450048 Mar 17 06:07 freebl3.dll
drwxr-xr-x 1 runneradmin 197121        0 Mar 17 06:04 gmp-clearkey
drwxr-xr-x 1 runneradmin 197121        0 Mar 17 05:31 gmp-fake
drwxr-xr-x 1 runneradmin 197121        0 Mar 17 05:31 gmp-fakeopenh264
-rw-r--r-- 1 runneradmin 197121   220752 Mar 17 06:08 greprefs.js
drwxr-xr-x 1 runneradmin 197121        0 Mar 17 06:08 hyphenation
-rwxr-xr-x 1 runneradmin 197121    72192 Mar 17 06:07 IA2Marshal.dll
-rwxr-xr-x 1 runneradmin 197121    49152 Mar 17 06:06 lgpllibs.dll
-rwxr-xr-x 1 runneradmin 197121    27648 Mar 17 06:07 libEGL.dll
-rwxr-xr-x 1 runneradmin 197121  1927680 Mar 17 06:07 libGLESv2.dll
-rwxr-xr-x 1 runneradmin 197121   114176 Mar 17 06:04 logalloc.dll
-rwxr-xr-x 1 runneradmin 197121    47616 Mar 17 06:06 logalloc-replay.exe
drwxr-xr-x 1 runneradmin 197121        0 Mar 17 06:08 modules
-rwxr-xr-x 1 runneradmin 197121    96768 Mar 17 06:07 modutil.exe
-rwxr-xr-x 1 runneradmin 197121  1589760 Mar 17 06:07 mozavcodec.dll
-rwxr-xr-x 1 runneradmin 197121   168960 Mar 17 06:06 mozavutil.dll
-rwxr-xr-x 1 runneradmin 197121   135168 Mar 17 06:06 mozglue.dll
-rwxr-xr-x 1 runneradmin 197121  1539072 Mar 17 06:06 nss3.dll
-rwxr-xr-x 1 runneradmin 197121   486912 Mar 17 06:07 nssckbi.dll
-rwxr-xr-x 1 runneradmin 197121    56832 Mar 17 06:06 pingsender.exe
-rwxr-xr-x 1 runneradmin 197121    51712 Mar 17 06:07 pk12util.exe
-rw-r--r-- 1 runneradmin 197121       48 Mar 17 06:08 platform.ini
-rwxr-xr-x 1 runneradmin 197121    18432 Mar 17 06:08 plugin-container.exe
-rwxr-xr-x 1 runneradmin 197121    28160 Mar 17 06:05 plugin-hang-ui.exe
-rwxr-xr-x 1 runneradmin 197121    10240 Mar 17 06:08 qipcap64.dll
-rwxr-xr-x 1 runneradmin 197121   150528 Mar 17 06:06 replace_jemalloc.dll
-rwxr-xr-x 1 runneradmin 197121    12800 Mar 17 05:32 replace_malloc.dll
drwxr-xr-x 1 runneradmin 197121        0 Mar 17 05:31 res
-rwxr-xr-x 1 runneradmin 197121    27648 Mar 17 06:07 shlibsign.exe
-rwxr-xr-x 1 runneradmin 197121   179712 Mar 17 06:07 softokn3.dll
-rw-r--r-- 1 runneradmin 197121        6 Mar 17 06:09 update.locale
-rwxr-xr-x 1 runneradmin 197121    18432 Mar 17 06:08 xpcshell.exe
-rwxr-xr-x 1 runneradmin 197121 63803904 Mar 17 06:08 xul.dll
++ find /d/a/bluegriffon/bluegriffon/gecko-dev/opt64 -path '*/dist/bin/*' -iname '*griffon*.exe' -print -quit
+ exe_path=/d/a/bluegriffon/bluegriffon/gecko-dev/opt64/dist/bin/bluegriffondev.exe
+ '[' -z /d/a/bluegriffon/bluegriffon/gecko-dev/opt64/dist/bin/bluegriffondev.exe ']'
+ echo 'Found executable: /d/a/bluegriffon/bluegriffon/gecko-dev/opt64/dist/bin/bluegriffondev.exe'
Found executable: /d/a/bluegriffon/bluegriffon/gecko-dev/opt64/dist/bin/bluegriffondev.exe
+ '[' portable = portable ']'
+ echo 'Portable target selected; skipping mach package and installer steps.'
Portable target selected; skipping mach package and installer steps.
+ exit 0
==== build end (exit 0) ==== 

==== artifact scan (bounded) ====
==== artifact scan 2026-03-17T06:09:40.0809756+00:00 ====

==== candidate runtime roots ====
root: D:\a\bluegriffon\bluegriffon\gecko-dev\opt64\\dist\\bin

FullName                                                                      Length LastWriteTime       
--------                                                                      ------ -------------       
D:\a\bluegriffon\bluegriffon\gecko-dev\opt64\dist\bin\chrome.manifest           4037 3/17/2026 6:09:24 AM
D:\a\bluegriffon\bluegriffon\gecko-dev\opt64\dist\bin\platform.ini                48 3/17/2026 6:08:39 AM
D:\a\bluegriffon\bluegriffon\gecko-dev\opt64\dist\bin\xpcshell.exe             18432 3/17/2026 6:08:37 AM
D:\a\bluegriffon\bluegriffon\gecko-dev\opt64\dist\bin\plugin-container.exe     18432 3/17/2026 6:08:37 AM
D:\a\bluegriffon\bluegriffon\gecko-dev\opt64\dist\bin\qipcap64.dll             10240 3/17/2026 6:08:36 AM
D:\a\bluegriffon\bluegriffon\gecko-dev\opt64\dist\bin\xul.dll               63803904 3/17/2026 6:08:34 AM
D:\a\bluegriffon\bluegriffon\gecko-dev\opt64\dist\bin\mozavcodec.dll         1589760 3/17/2026 6:07:59 AM
D:\a\bluegriffon\bluegriffon\gecko-dev\opt64\dist\bin\freebl3.dll             450048 3/17/2026 6:07:58 AM
D:\a\bluegriffon\bluegriffon\gecko-dev\opt64\dist\bin\IA2Marshal.dll           72192 3/17/2026 6:07:27 AM
D:\a\bluegriffon\bluegriffon\gecko-dev\opt64\dist\bin\softokn3.dll            179712 3/17/2026 6:07:26 AM
D:\a\bluegriffon\bluegriffon\gecko-dev\opt64\dist\bin\libEGL.dll               27648 3/17/2026 6:07:23 AM
D:\a\bluegriffon\bluegriffon\gecko-dev\opt64\dist\bin\modutil.exe              96768 3/17/2026 6:07:22 AM
D:\a\bluegriffon\bluegriffon\gecko-dev\opt64\dist\bin\shlibsign.exe            27648 3/17/2026 6:07:15 AM
D:\a\bluegriffon\bluegriffon\gecko-dev\opt64\dist\bin\nssckbi.dll             486912 3/17/2026 6:07:12 AM
D:\a\bluegriffon\bluegriffon\gecko-dev\opt64\dist\bin\pk12util.exe             51712 3/17/2026 6:07:08 AM
D:\a\bluegriffon\bluegriffon\gecko-dev\opt64\dist\bin\certutil.exe            126976 3/17/2026 6:07:02 AM
D:\a\bluegriffon\bluegriffon\gecko-dev\opt64\dist\bin\libGLESv2.dll          1927680 3/17/2026 6:07:01 AM
D:\a\bluegriffon\bluegriffon\gecko-dev\opt64\dist\bin\bluegriffondev.exe      239616 3/17/2026 6:07:00 AM
D:\a\bluegriffon\bluegriffon\gecko-dev\opt64\dist\bin\mozavutil.dll           168960 3/17/2026 6:06:57 AM
D:\a\bluegriffon\bluegriffon\gecko-dev\opt64\dist\bin\AccessibleMarshal.dll    20992 3/17/2026 6:06:52 AM
D:\a\bluegriffon\bluegriffon\gecko-dev\opt64\dist\bin\lgpllibs.dll             49152 3/17/2026 6:06:52 AM
D:\a\bluegriffon\bluegriffon\gecko-dev\opt64\dist\bin\nss3.dll               1539072 3/17/2026 6:06:50 AM
D:\a\bluegriffon\bluegriffon\gecko-dev\opt64\dist\bin\mozglue.dll             135168 3/17/2026 6:06:44 AM
D:\a\bluegriffon\bluegriffon\gecko-dev\opt64\dist\bin\replace_jemalloc.dll    150528 3/17/2026 6:06:38 AM
D:\a\bluegriffon\bluegriffon\gecko-dev\opt64\dist\bin\AccessibleHandler.dll   154624 3/17/2026 6:06:34 AM
D:\a\bluegriffon\bluegriffon\gecko-dev\opt64\dist\bin\logalloc-replay.exe      47616 3/17/2026 6:06:32 AM
D:\a\bluegriffon\bluegriffon\gecko-dev\opt64\dist\bin\pingsender.exe           56832 3/17/2026 6:06:05 AM
D:\a\bluegriffon\bluegriffon\gecko-dev\opt64\dist\bin\plugin-hang-ui.exe       28160 3/17/2026 6:05:16 AM
D:\a\bluegriffon\bluegriffon\gecko-dev\opt64\dist\bin\logalloc.dll            114176 3/17/2026 6:04:17 AM
D:\a\bluegriffon\bluegriffon\gecko-dev\opt64\dist\bin\replace_malloc.dll       12800 3/17/2026 5:32:11 AM
D:\a\bluegriffon\bluegriffon\gecko-dev\opt64\dist\bin\application.ini            384 3/17/2026 5:31:26 AM
D:\a\bluegriffon\bluegriffon\gecko-dev\opt64\dist\bin\d3dcompiler_47.dll     4741488 1/27/2026 6:18:40 AM



robocopy exit code: 1

==== portable package sample (first 200 files) ====

FullName                                                                                                                              Length LastWriteTime       
--------                                                                                                                              ------ -------------       
D:\a\bluegriffon\bluegriffon\artifact\bluegriffon-portable\.gdbinit                                                                     5305 3/17/2026 5:29:09 AM
D:\a\bluegriffon\bluegriffon\artifact\bluegriffon-portable\.gdbinit_python                                                               106 3/17/2026 6:08:38 AM
D:\a\bluegriffon\bluegriffon\artifact\bluegriffon-portable\.lldbinit                                                                     159 3/17/2026 6:08:38 AM
D:\a\bluegriffon\bluegriffon\artifact\bluegriffon-portable\Accessible.tlb                                                               3008 3/17/2026 5:31:29 AM
D:\a\bluegriffon\bluegriffon\artifact\bluegriffon-portable\AccessibleHandler.dll                                                      154624 3/17/2026 6:06:34 AM
D:\a\bluegriffon\bluegriffon\artifact\bluegriffon-portable\AccessibleMarshal.dll                                                       20992 3/17/2026 6:06:52 AM
D:\a\bluegriffon\bluegriffon\artifact\bluegriffon-portable\application.ini                                                               384 3/17/2026 5:31:26 AM
D:\a\bluegriffon\bluegriffon\artifact\bluegriffon-portable\bluegriffondev.exe                                                         239616 3/17/2026 6:07:00 AM
D:\a\bluegriffon\bluegriffon\artifact\bluegriffon-portable\certutil.exe                                                               126976 3/17/2026 6:07:02 AM
D:\a\bluegriffon\bluegriffon\artifact\bluegriffon-portable\chrome.manifest                                                              4037 3/17/2026 6:09:24 AM
D:\a\bluegriffon\bluegriffon\artifact\bluegriffon-portable\chrome\.mkdir.done                                                              0 1/3/1980 12:00:00 AM
D:\a\bluegriffon\bluegriffon\artifact\bluegriffon-portable\chrome\aria.manifest                                                          173 3/17/2026 6:09:22 AM
D:\a\bluegriffon\bluegriffon\artifact\bluegriffon-portable\chrome\aria\content\aria\aria.js                                            19771 3/17/2026 6:09:22 AM
D:\a\bluegriffon\bluegriffon\artifact\bluegriffon-portable\chrome\aria\content\aria\aria.xml                                           12407 3/17/2026 6:09:22 AM
D:\a\bluegriffon\bluegriffon\artifact\bluegriffon-portable\chrome\aria\content\aria\aria.xul                                            6172 3/17/2026 6:09:22 AM
D:\a\bluegriffon\bluegriffon\artifact\bluegriffon-portable\chrome\aria\content\aria\ariaOverlay.xul                                     2692 3/17/2026 6:09:22 AM
D:\a\bluegriffon\bluegriffon\artifact\bluegriffon-portable\chrome\aria\content\aria\aria-properties.js                                  3638 3/17/2026 6:09:22 AM
D:\a\bluegriffon\bluegriffon\artifact\bluegriffon-portable\chrome\aria\content\aria\aria-roles.js                                      11400 3/17/2026 6:09:22 AM
D:\a\bluegriffon\bluegriffon\artifact\bluegriffon-portable\chrome\aria\skin\classic\aria\aria.css                                       3624 3/17/2026 6:09:22 AM
D:\a\bluegriffon\bluegriffon\artifact\bluegriffon-portable\chrome\bluegriffon.manifest                                                   604 3/17/2026 6:09:22 AM
D:\a\bluegriffon\bluegriffon\artifact\bluegriffon-portable\chrome\bluegriffon\content\bluegriffon\bindings\cssClassPicker.xml           5697 3/17/2026 6:09:21 AM
D:\a\bluegriffon\bluegriffon\artifact\bluegriffon-portable\chrome\bluegriffon\content\bluegriffon\bindings\deckedPanelsTabs.xml         3896 3/17/2026 6:09:21 AM
D:\a\bluegriffon\bluegriffon\artifact\bluegriffon-portable\chrome\bluegriffon\content\bluegriffon\bindings\ecolorpicker.xml             4759 3/17/2026 6:09:21 AM
D:\a\bluegriffon\bluegriffon\artifact\bluegriffon-portable\chrome\bluegriffon\content\bluegriffon\bindings\filepickerbutton.css          591 3/17/2026 6:09:21 AM
D:\a\bluegriffon\bluegriffon\artifact\bluegriffon-portable\chrome\bluegriffon\content\bluegriffon\bindings\filepickerbutton.xml         8155 3/17/2026 6:09:21 AM
D:\a\bluegriffon\bluegriffon\artifact\bluegriffon-portable\chrome\bluegriffon\content\bluegriffon\bindings\floatingpanel.xml            8844 3/17/2026 6:09:21 AM
D:\a\bluegriffon\bluegriffon\artifact\bluegriffon-portable\chrome\bluegriffon\content\bluegriffon\bindings\lengthbox.xml                7133 3/17/2026 6:09:21 AM
D:\a\bluegriffon\bluegriffon\artifact\bluegriffon-portable\chrome\bluegriffon\content\bluegriffon\bindings\media.xml                   17940 3/17/2026 6:09:21 AM
D:\a\bluegriffon\bluegriffon\artifact\bluegriffon-portable\chrome\bluegriffon\content\bluegriffon\bindings\multistate.css               1865 3/17/2026 6:09:21 AM
D:\a\bluegriffon\bluegriffon\artifact\bluegriffon-portable\chrome\bluegriffon\content\bluegriffon\bindings\multistate.xml               5428 3/17/2026 6:09:21 AM
D:\a\bluegriffon\bluegriffon\artifact\bluegriffon-portable\chrome\bluegriffon\content\bluegriffon\bindings\rotator.xml                  8621 3/17/2026 6:09:21 AM
D:\a\bluegriffon\bluegriffon\artifact\bluegriffon-portable\chrome\bluegriffon\content\bluegriffon\bindings\rulers.xml                  31678 3/17/2026 6:09:21 AM
D:\a\bluegriffon\bluegriffon\artifact\bluegriffon-portable\chrome\bluegriffon\content\bluegriffon\bindings\structurebar.css             4009 3/17/2026 6:09:21 AM
D:\a\bluegriffon\bluegriffon\artifact\bluegriffon-portable\chrome\bluegriffon\content\bluegriffon\bindings\structurebar.xml             8425 3/17/2026 6:09:21 AM
D:\a\bluegriffon\bluegriffon\artifact\bluegriffon-portable\chrome\bluegriffon\content\bluegriffon\bindings\tab.xml                      1157 3/17/2026 6:09:21 AM
D:\a\bluegriffon\bluegriffon\artifact\bluegriffon-portable\chrome\bluegriffon\content\bluegriffon\bindings\tabeditor.xml               36646 3/17/2026 6:09:21 AM
D:\a\bluegriffon\bluegriffon\artifact\bluegriffon-portable\chrome\bluegriffon\content\bluegriffon\brightness.png                         390 3/17/2026 6:09:21 AM
D:\a\bluegriffon\bluegriffon\artifact\bluegriffon-portable\chrome\bluegriffon\content\bluegriffon\colourBox.png                          182 3/17/2026 6:09:21 AM
D:\a\bluegriffon\bluegriffon\artifact\bluegriffon-portable\chrome\bluegriffon\content\bluegriffon\colourPickerArrow.gif                   54 3/17/2026 6:09:21 AM
D:\a\bluegriffon\bluegriffon\artifact\bluegriffon-portable\chrome\bluegriffon\content\bluegriffon\colourPickerCrosshair.gif               59 3/17/2026 6:09:21 AM
D:\a\bluegriffon\bluegriffon\artifact\bluegriffon-portable\chrome\bluegriffon\content\bluegriffon\credits.xhtml                        21055 3/17/2026 6:09:21 AM
D:\a\bluegriffon\bluegriffon\artifact\bluegriffon-portable\chrome\bluegriffon\content\bluegriffon\dialogs\aboutDialog.js                 970 3/17/2026 6:09:21 AM
D:\a\bluegriffon\bluegriffon\artifact\bluegriffon-portable\chrome\bluegriffon\content\bluegriffon\dialogs\aboutDialog.xul               2927 3/17/2026 6:09:21 AM
D:\a\bluegriffon\bluegriffon\artifact\bluegriffon-portable\chrome\bluegriffon\content\bluegriffon\dialogs\awards\meta.png              64093 3/17/2026 6:09:21 AM
D:\a\bluegriffon\bluegriffon\artifact\bluegriffon-portable\chrome\bluegriffon\content\bluegriffon\dialogs\awards\moz.png                7385 3/17/2026 6:09:21 AM
D:\a\bluegriffon\bluegriffon\artifact\bluegriffon-portable\chrome\bluegriffon\content\bluegriffon\dialogs\awards\netexplo.png          10693 3/17/2026 6:09:21 AM
D:\a\bluegriffon\bluegriffon\artifact\bluegriffon-portable\chrome\bluegriffon\content\bluegriffon\dialogs\awards\owf.png                9794 3/17/2026 6:09:21 AM
D:\a\bluegriffon\bluegriffon\artifact\bluegriffon-portable\chrome\bluegriffon\content\bluegriffon\dialogs\awards\sill.png              18829 3/17/2026 6:09:21 AM
D:\a\bluegriffon\bluegriffon\artifact\bluegriffon-portable\chrome\bluegriffon\content\bluegriffon\dialogs\awards\wh.png                44639 3/17/2026 6:09:21 AM
D:\a\bluegriffon\bluegriffon\artifact\bluegriffon-portable\chrome\bluegriffon\content\bluegriffon\dialogs\convertClipboardToTable.js    7494 3/17/2026 6:09:21 AM
D:\a\bluegriffon\bluegriffon\artifact\bluegriffon-portable\chrome\bluegriffon\content\bluegriffon\dialogs\convertClipboardToTable.xul   3916 3/17/2026 6:09:21 AM
D:\a\bluegriffon\bluegriffon\artifact\bluegriffon-portable\chrome\bluegriffon\content\bluegriffon\dialogs\convertToTable.js             9273 3/17/2026 6:09:21 AM
D:\a\bluegriffon\bluegriffon\artifact\bluegriffon-portable\chrome\bluegriffon\content\bluegriffon\dialogs\convertToTable.xul            3822 3/17/2026 6:09:21 AM
D:\a\bluegriffon\bluegriffon\artifact\bluegriffon-portable\chrome\bluegriffon\content\bluegriffon\dialogs\dictionary.js                 6265 3/17/2026 6:09:21 AM
D:\a\bluegriffon\bluegriffon\artifact\bluegriffon-portable\chrome\bluegriffon\content\bluegriffon\dialogs\dictionary.xul                4138 3/17/2026 6:09:21 AM
D:\a\bluegriffon\bluegriffon\artifact\bluegriffon-portable\chrome\bluegriffon\content\bluegriffon\dialogs\editStylesheet.js             9905 3/17/2026 6:09:21 AM
D:\a\bluegriffon\bluegriffon\artifact\bluegriffon-portable\chrome\bluegriffon\content\bluegriffon\dialogs\editStylesheet.xul            2740 3/17/2026 6:09:21 AM
D:\a\bluegriffon\bluegriffon\artifact\bluegriffon-portable\chrome\bluegriffon\content\bluegriffon\dialogs\form-common.js                3955 3/17/2026 6:09:21 AM
D:\a\bluegriffon\bluegriffon\artifact\bluegriffon-portable\chrome\bluegriffon\content\bluegriffon\dialogs\insertAnchor.js               5232 3/17/2026 6:09:21 AM
D:\a\bluegriffon\bluegriffon\artifact\bluegriffon-portable\chrome\bluegriffon\content\bluegriffon\dialogs\insertAnchor.xul              1232 3/17/2026 6:09:21 AM
D:\a\bluegriffon\bluegriffon\artifact\bluegriffon-portable\chrome\bluegriffon\content\bluegriffon\dialogs\insertAudio.js                5024 3/17/2026 6:09:21 AM
D:\a\bluegriffon\bluegriffon\artifact\bluegriffon-portable\chrome\bluegriffon\content\bluegriffon\dialogs\insertAudio.xul               3187 3/17/2026 6:09:21 AM
D:\a\bluegriffon\bluegriffon\artifact\bluegriffon-portable\chrome\bluegriffon\content\bluegriffon\dialogs\insertButton.js                875 3/17/2026 6:09:21 AM
D:\a\bluegriffon\bluegriffon\artifact\bluegriffon-portable\chrome\bluegriffon\content\bluegriffon\dialogs\insertButton.xul              4289 3/17/2026 6:09:21 AM
D:\a\bluegriffon\bluegriffon\artifact\bluegriffon-portable\chrome\bluegriffon\content\bluegriffon\dialogs\insertChars.js                4925 3/17/2026 6:09:21 AM
D:\a\bluegriffon\bluegriffon\artifact\bluegriffon-portable\chrome\bluegriffon\content\bluegriffon\dialogs\insertChars.xul               5034 3/17/2026 6:09:21 AM
D:\a\bluegriffon\bluegriffon\artifact\bluegriffon-portable\chrome\bluegriffon\content\bluegriffon\dialogs\insertCommentOrPI.js          3039 3/17/2026 6:09:21 AM
D:\a\bluegriffon\bluegriffon\artifact\bluegriffon-portable\chrome\bluegriffon\content\bluegriffon\dialogs\insertCommentOrPI.xul         1710 3/17/2026 6:09:21 AM
D:\a\bluegriffon\bluegriffon\artifact\bluegriffon-portable\chrome\bluegriffon\content\bluegriffon\dialogs\insertDatalist.js             9716 3/17/2026 6:09:21 AM
D:\a\bluegriffon\bluegriffon\artifact\bluegriffon-portable\chrome\bluegriffon\content\bluegriffon\dialogs\insertDatalist.xul            4256 3/17/2026 6:09:21 AM
D:\a\bluegriffon\bluegriffon\artifact\bluegriffon-portable\chrome\bluegriffon\content\bluegriffon\dialogs\insertFieldset.js             1778 3/17/2026 6:09:21 AM
D:\a\bluegriffon\bluegriffon\artifact\bluegriffon-portable\chrome\bluegriffon\content\bluegriffon\dialogs\insertFieldset.xul            1750 3/17/2026 6:09:21 AM
D:\a\bluegriffon\bluegriffon\artifact\bluegriffon-portable\chrome\bluegriffon\content\bluegriffon\dialogs\insertForm.js                 3956 3/17/2026 6:09:21 AM
D:\a\bluegriffon\bluegriffon\artifact\bluegriffon-portable\chrome\bluegriffon\content\bluegriffon\dialogs\insertForm.xul                4125 3/17/2026 6:09:21 AM
D:\a\bluegriffon\bluegriffon\artifact\bluegriffon-portable\chrome\bluegriffon\content\bluegriffon\dialogs\insertFormInput.js            3375 3/17/2026 6:09:21 AM
D:\a\bluegriffon\bluegriffon\artifact\bluegriffon-portable\chrome\bluegriffon\content\bluegriffon\dialogs\insertFormInput.xul           8533 3/17/2026 6:09:21 AM
D:\a\bluegriffon\bluegriffon\artifact\bluegriffon-portable\chrome\bluegriffon\content\bluegriffon\dialogs\insertHR.js                   8112 3/17/2026 6:09:21 AM
D:\a\bluegriffon\bluegriffon\artifact\bluegriffon-portable\chrome\bluegriffon\content\bluegriffon\dialogs\insertHR.xul                  4451 3/17/2026 6:09:21 AM
D:\a\bluegriffon\bluegriffon\artifact\bluegriffon-portable\chrome\bluegriffon\content\bluegriffon\dialogs\insertHTML.js                  627 3/17/2026 6:09:21 AM
D:\a\bluegriffon\bluegriffon\artifact\bluegriffon-portable\chrome\bluegriffon\content\bluegriffon\dialogs\insertHTML.xul                1087 3/17/2026 6:09:21 AM
D:\a\bluegriffon\bluegriffon\artifact\bluegriffon-portable\chrome\bluegriffon\content\bluegriffon\dialogs\insertImage.js                4935 3/17/2026 6:09:21 AM
D:\a\bluegriffon\bluegriffon\artifact\bluegriffon-portable\chrome\bluegriffon\content\bluegriffon\dialogs\insertImage.xul               3234 3/17/2026 6:09:21 AM
D:\a\bluegriffon\bluegriffon\artifact\bluegriffon-portable\chrome\bluegriffon\content\bluegriffon\dialogs\insertKeygen.js                799 3/17/2026 6:09:21 AM
D:\a\bluegriffon\bluegriffon\artifact\bluegriffon-portable\chrome\bluegriffon\content\bluegriffon\dialogs\insertKeygen.xul              2944 3/17/2026 6:09:21 AM
D:\a\bluegriffon\bluegriffon\artifact\bluegriffon-portable\chrome\bluegriffon\content\bluegriffon\dialogs\insertLabel.js                1258 3/17/2026 6:09:21 AM
D:\a\bluegriffon\bluegriffon\artifact\bluegriffon-portable\chrome\bluegriffon\content\bluegriffon\dialogs\insertLabel.xul               1502 3/17/2026 6:09:21 AM
D:\a\bluegriffon\bluegriffon\artifact\bluegriffon-portable\chrome\bluegriffon\content\bluegriffon\dialogs\insertLink.js                 7340 3/17/2026 6:09:21 AM
D:\a\bluegriffon\bluegriffon\artifact\bluegriffon-portable\chrome\bluegriffon\content\bluegriffon\dialogs\insertLink.xul                3176 3/17/2026 6:09:21 AM
D:\a\bluegriffon\bluegriffon\artifact\bluegriffon-portable\chrome\bluegriffon\content\bluegriffon\dialogs\insertMeter.js                 818 3/17/2026 6:09:21 AM
D:\a\bluegriffon\bluegriffon\artifact\bluegriffon-portable\chrome\bluegriffon\content\bluegriffon\dialogs\insertMeter.xul               1982 3/17/2026 6:09:21 AM
D:\a\bluegriffon\bluegriffon\artifact\bluegriffon-portable\chrome\bluegriffon\content\bluegriffon\dialogs\insertOutput.js               1076 3/17/2026 6:09:21 AM
D:\a\bluegriffon\bluegriffon\artifact\bluegriffon-portable\chrome\bluegriffon\content\bluegriffon\dialogs\insertOutput.xul              1776 3/17/2026 6:09:21 AM
D:\a\bluegriffon\bluegriffon\artifact\bluegriffon-portable\chrome\bluegriffon\content\bluegriffon\dialogs\insertProgress.js              827 3/17/2026 6:09:21 AM
D:\a\bluegriffon\bluegriffon\artifact\bluegriffon-portable\chrome\bluegriffon\content\bluegriffon\dialogs\insertProgress.xul            1533 3/17/2026 6:09:21 AM
D:\a\bluegriffon\bluegriffon\artifact\bluegriffon-portable\chrome\bluegriffon\content\bluegriffon\dialogs\insertSelect.js              15579 3/17/2026 6:09:21 AM
D:\a\bluegriffon\bluegriffon\artifact\bluegriffon-portable\chrome\bluegriffon\content\bluegriffon\dialogs\insertSelect.xul              8380 3/17/2026 6:09:21 AM
D:\a\bluegriffon\bluegriffon\artifact\bluegriffon-portable\chrome\bluegriffon\content\bluegriffon\dialogs\insertStylesheet.js           5492 3/17/2026 6:09:21 AM
D:\a\bluegriffon\bluegriffon\artifact\bluegriffon-portable\chrome\bluegriffon\content\bluegriffon\dialogs\insertStylesheet.xul          3055 3/17/2026 6:09:21 AM
D:\a\bluegriffon\bluegriffon\artifact\bluegriffon-portable\chrome\bluegriffon\content\bluegriffon\dialogs\insertTable.js               38739 3/17/2026 6:09:21 AM
D:\a\bluegriffon\bluegriffon\artifact\bluegriffon-portable\chrome\bluegriffon\content\bluegriffon\dialogs\insertTable.xul              11887 3/17/2026 6:09:21 AM
D:\a\bluegriffon\bluegriffon\artifact\bluegriffon-portable\chrome\bluegriffon\content\bluegriffon\dialogs\insertTextarea.js              879 3/17/2026 6:09:21 AM
D:\a\bluegriffon\bluegriffon\artifact\bluegriffon-portable\chrome\bluegriffon\content\bluegriffon\dialogs\insertTextarea.xul            3242 3/17/2026 6:09:21 AM
D:\a\bluegriffon\bluegriffon\artifact\bluegriffon-portable\chrome\bluegriffon\content\bluegriffon\dialogs\insertTOC.js                 15485 3/17/2026 6:09:21 AM
D:\a\bluegriffon\bluegriffon\artifact\bluegriffon-portable\chrome\bluegriffon\content\bluegriffon\dialogs\insertTOC.xul                12618 3/17/2026 6:09:21 AM
D:\a\bluegriffon\bluegriffon\artifact\bluegriffon-portable\chrome\bluegriffon\content\bluegriffon\dialogs\insertVideo.js               10858 3/17/2026 6:09:21 AM
D:\a\bluegriffon\bluegriffon\artifact\bluegriffon-portable\chrome\bluegriffon\content\bluegriffon\dialogs\insertVideo.xul               6091 3/17/2026 6:09:21 AM
D:\a\bluegriffon\bluegriffon\artifact\bluegriffon-portable\chrome\bluegriffon\content\bluegriffon\dialogs\languages.js                  4702 3/17/2026 6:09:21 AM
D:\a\bluegriffon\bluegriffon\artifact\bluegriffon-portable\chrome\bluegriffon\content\bluegriffon\dialogs\languages.xul                 3424 3/17/2026 6:09:21 AM
D:\a\bluegriffon\bluegriffon\artifact\bluegriffon-portable\chrome\bluegriffon\content\bluegriffon\dialogs\listProperties.js             9943 3/17/2026 6:09:21 AM
D:\a\bluegriffon\bluegriffon\artifact\bluegriffon-portable\chrome\bluegriffon\content\bluegriffon\dialogs\listProperties.xul            7811 3/17/2026 6:09:21 AM
D:\a\bluegriffon\bluegriffon\artifact\bluegriffon-portable\chrome\bluegriffon\content\bluegriffon\dialogs\markupCleaner.js              2438 3/17/2026 6:09:21 AM
D:\a\bluegriffon\bluegriffon\artifact\bluegriffon-portable\chrome\bluegriffon\content\bluegriffon\dialogs\markupCleaner.xul             3924 3/17/2026 6:09:21 AM
D:\a\bluegriffon\bluegriffon\artifact\bluegriffon-portable\chrome\bluegriffon\content\bluegriffon\dialogs\newDocument.js                7321 3/17/2026 6:09:21 AM
D:\a\bluegriffon\bluegriffon\artifact\bluegriffon-portable\chrome\bluegriffon\content\bluegriffon\dialogs\newDocument.xul               3626 3/17/2026 6:09:21 AM
D:\a\bluegriffon\bluegriffon\artifact\bluegriffon-portable\chrome\bluegriffon\content\bluegriffon\dialogs\newPageWizard.js             30402 3/17/2026 6:09:21 AM
D:\a\bluegriffon\bluegriffon\artifact\bluegriffon-portable\chrome\bluegriffon\content\bluegriffon\dialogs\newPageWizard.xul            18014 3/17/2026 6:09:21 AM
D:\a\bluegriffon\bluegriffon\artifact\bluegriffon-portable\chrome\bluegriffon\content\bluegriffon\dialogs\openLocation.js               6417 3/17/2026 6:09:21 AM
D:\a\bluegriffon\bluegriffon\artifact\bluegriffon-portable\chrome\bluegriffon\content\bluegriffon\dialogs\openLocation.xul              3773 3/17/2026 6:09:21 AM
D:\a\bluegriffon\bluegriffon\artifact\bluegriffon-portable\chrome\bluegriffon\content\bluegriffon\dialogs\pageProperties.js             7185 3/17/2026 6:09:21 AM
D:\a\bluegriffon\bluegriffon\artifact\bluegriffon-portable\chrome\bluegriffon\content\bluegriffon\dialogs\pageProperties.xul            5479 3/17/2026 6:09:21 AM
D:\a\bluegriffon\bluegriffon\artifact\bluegriffon-portable\chrome\bluegriffon\content\bluegriffon\dialogs\parsingError.js                455 3/17/2026 6:09:21 AM
D:\a\bluegriffon\bluegriffon\artifact\bluegriffon-portable\chrome\bluegriffon\content\bluegriffon\dialogs\parsingError.xul              1265 3/17/2026 6:09:21 AM
D:\a\bluegriffon\bluegriffon\artifact\bluegriffon-portable\chrome\bluegriffon\content\bluegriffon\dialogs\releaseNotes.xul              1068 3/17/2026 6:09:21 AM
D:\a\bluegriffon\bluegriffon\artifact\bluegriffon-portable\chrome\bluegriffon\content\bluegriffon\dialogs\spellCheck.js                17191 3/17/2026 6:09:21 AM
D:\a\bluegriffon\bluegriffon\artifact\bluegriffon-portable\chrome\bluegriffon\content\bluegriffon\dialogs\spellCheck.xul                7148 3/17/2026 6:09:21 AM
D:\a\bluegriffon\bluegriffon\artifact\bluegriffon-portable\chrome\bluegriffon\content\bluegriffon\dialogs\updateAvailable.js            1234 3/17/2026 6:09:21 AM
D:\a\bluegriffon\bluegriffon\artifact\bluegriffon-portable\chrome\bluegriffon\content\bluegriffon\dialogs\updateAvailable.xul           1758 3/17/2026 6:09:21 AM
D:\a\bluegriffon\bluegriffon\artifact\bluegriffon-portable\chrome\bluegriffon\content\bluegriffon\EditorAllTags.css                     4554 3/17/2026 6:09:21 AM
D:\a\bluegriffon\bluegriffon\artifact\bluegriffon-portable\chrome\bluegriffon\content\bluegriffon\EditorContent.css                     5404 3/17/2026 6:09:21 AM
D:\a\bluegriffon\bluegriffon\artifact\bluegriffon-portable\chrome\bluegriffon\content\bluegriffon\EditorContentAnchors.css              2613 3/17/2026 6:09:21 AM
D:\a\bluegriffon\bluegriffon\artifact\bluegriffon-portable\chrome\bluegriffon\content\bluegriffon\EditorOverride.css                   12722 3/17/2026 6:09:21 AM
D:\a\bluegriffon\bluegriffon\artifact\bluegriffon-portable\chrome\bluegriffon\content\bluegriffon\hsPanel.png                           8489 3/17/2026 6:09:21 AM
D:\a\bluegriffon\bluegriffon\artifact\bluegriffon-portable\chrome\bluegriffon\content\bluegriffon\js\beautify-html.js                  21691 3/17/2026 6:09:21 AM
D:\a\bluegriffon\bluegriffon\artifact\bluegriffon-portable\chrome\bluegriffon\content\bluegriffon\js\bluegriffon.js                   153264 3/17/2026 6:09:21 AM
D:\a\bluegriffon\bluegriffon\artifact\bluegriffon-portable\chrome\bluegriffon\content\bluegriffon\js\colourPicker.js                   34052 3/17/2026 6:09:21 AM
D:\a\bluegriffon\bluegriffon\artifact\bluegriffon-portable\chrome\bluegriffon\content\bluegriffon\js\commands.js                      126817 3/17/2026 6:09:21 AM
D:\a\bluegriffon\bluegriffon\artifact\bluegriffon-portable\chrome\bluegriffon\content\bluegriffon\js\customize.js                       5910 3/17/2026 6:09:21 AM
D:\a\bluegriffon\bluegriffon\artifact\bluegriffon-portable\chrome\bluegriffon\content\bluegriffon\js\html5.js                          15589 3/17/2026 6:09:21 AM
D:\a\bluegriffon\bluegriffon\artifact\bluegriffon-portable\chrome\bluegriffon\content\bluegriffon\js\languages.js                       6568 3/17/2026 6:09:21 AM
D:\a\bluegriffon\bluegriffon\artifact\bluegriffon-portable\chrome\bluegriffon\content\bluegriffon\js\macWindowMenu.js                   1875 3/17/2026 6:09:21 AM
D:\a\bluegriffon\bluegriffon\artifact\bluegriffon-portable\chrome\bluegriffon\content\bluegriffon\js\markupCleaner.js                   7709 3/17/2026 6:09:21 AM
D:\a\bluegriffon\bluegriffon\artifact\bluegriffon-portable\chrome\bluegriffon\content\bluegriffon\js\rebuildTOC.js                     13905 3/17/2026 6:09:21 AM
D:\a\bluegriffon\bluegriffon\artifact\bluegriffon-portable\chrome\bluegriffon\content\bluegriffon\js\recentPages.js                     6155 3/17/2026 6:09:21 AM
D:\a\bluegriffon\bluegriffon\artifact\bluegriffon-portable\chrome\bluegriffon\content\bluegriffon\js\tableResizer.js                   14064 3/17/2026 6:09:21 AM
D:\a\bluegriffon\bluegriffon\artifact\bluegriffon-portable\chrome\bluegriffon\content\bluegriffon\js\updateManager.js                   9150 3/17/2026 6:09:21 AM
D:\a\bluegriffon\bluegriffon\artifact\bluegriffon-portable\chrome\bluegriffon\content\bluegriffon\js\zoomManager.js                     8909 3/17/2026 6:09:21 AM
D:\a\bluegriffon\bluegriffon\artifact\bluegriffon-portable\chrome\bluegriffon\content\bluegriffon\logo.png                             28424 3/17/2026 6:09:21 AM
D:\a\bluegriffon\bluegriffon\artifact\bluegriffon-portable\chrome\bluegriffon\content\bluegriffon\prefs\advanced.js                     4110 3/17/2026 6:09:21 AM
D:\a\bluegriffon\bluegriffon\artifact\bluegriffon-portable\chrome\bluegriffon\content\bluegriffon\prefs\advanced.xul                    1877 3/17/2026 6:09:21 AM
D:\a\bluegriffon\bluegriffon\artifact\bluegriffon-portable\chrome\bluegriffon\content\bluegriffon\prefs\connection.js                   8504 3/17/2026 6:09:21 AM
D:\a\bluegriffon\bluegriffon\artifact\bluegriffon-portable\chrome\bluegriffon\content\bluegriffon\prefs\connection.xul                  9019 3/17/2026 6:09:21 AM
D:\a\bluegriffon\bluegriffon\artifact\bluegriffon-portable\chrome\bluegriffon\content\bluegriffon\prefs\deactivateLicense.js            2361 3/17/2026 6:09:21 AM
D:\a\bluegriffon\bluegriffon\artifact\bluegriffon-portable\chrome\bluegriffon\content\bluegriffon\prefs\deactivateLicense.xul           1600 3/17/2026 6:09:21 AM
D:\a\bluegriffon\bluegriffon\artifact\bluegriffon-portable\chrome\bluegriffon\content\bluegriffon\prefs\editShortcut.js                 4623 3/17/2026 6:09:21 AM
D:\a\bluegriffon\bluegriffon\artifact\bluegriffon-portable\chrome\bluegriffon\content\bluegriffon\prefs\editShortcut.xul                1391 3/17/2026 6:09:21 AM
D:\a\bluegriffon\bluegriffon\artifact\bluegriffon-portable\chrome\bluegriffon\content\bluegriffon\prefs\file.js                            0 3/17/2026 6:09:21 AM
D:\a\bluegriffon\bluegriffon\artifact\bluegriffon-portable\chrome\bluegriffon\content\bluegriffon\prefs\file.xul                        1827 3/17/2026 6:09:21 AM
D:\a\bluegriffon\bluegriffon\artifact\bluegriffon-portable\chrome\bluegriffon\content\bluegriffon\prefs\general.xul                     4155 3/17/2026 6:09:21 AM
D:\a\bluegriffon\bluegriffon\artifact\bluegriffon-portable\chrome\bluegriffon\content\bluegriffon\prefs\license.js                      4505 3/17/2026 6:09:21 AM
D:\a\bluegriffon\bluegriffon\artifact\bluegriffon-portable\chrome\bluegriffon\content\bluegriffon\prefs\license.xul                     2394 3/17/2026 6:09:21 AM
D:\a\bluegriffon\bluegriffon\artifact\bluegriffon-portable\chrome\bluegriffon\content\bluegriffon\prefs\newPage.js                       617 3/17/2026 6:09:21 AM
D:\a\bluegriffon\bluegriffon\artifact\bluegriffon-portable\chrome\bluegriffon\content\bluegriffon\prefs\newPage.xul                     3649 3/17/2026 6:09:21 AM
D:\a\bluegriffon\bluegriffon\artifact\bluegriffon-portable\chrome\bluegriffon\content\bluegriffon\prefs\prefs.js                         531 3/17/2026 6:09:21 AM
D:\a\bluegriffon\bluegriffon\artifact\bluegriffon-portable\chrome\bluegriffon\content\bluegriffon\prefs\prefs.xul                       4670 3/17/2026 6:09:21 AM
D:\a\bluegriffon\bluegriffon\artifact\bluegriffon-portable\chrome\bluegriffon\content\bluegriffon\prefs\shortcuts.js                   19994 3/17/2026 6:09:21 AM
D:\a\bluegriffon\bluegriffon\artifact\bluegriffon-portable\chrome\bluegriffon\content\bluegriffon\prefs\shortcuts.xul                   1438 3/17/2026 6:09:21 AM
D:\a\bluegriffon\bluegriffon\artifact\bluegriffon-portable\chrome\bluegriffon\content\bluegriffon\prefs\source.js                       1550 3/17/2026 6:09:21 AM
D:\a\bluegriffon\bluegriffon\artifact\bluegriffon-portable\chrome\bluegriffon\content\bluegriffon\prefs\source.xul                      3799 3/17/2026 6:09:21 AM
D:\a\bluegriffon\bluegriffon\artifact\bluegriffon-portable\chrome\bluegriffon\content\bluegriffon\prefs\styles.js                        499 3/17/2026 6:09:21 AM
D:\a\bluegriffon\bluegriffon\artifact\bluegriffon-portable\chrome\bluegriffon\content\bluegriffon\prefs\styles.xul                      4016 3/17/2026 6:09:21 AM
D:\a\bluegriffon\bluegriffon\artifact\bluegriffon-portable\chrome\bluegriffon\content\bluegriffon\prefs\update.js                       1494 3/17/2026 6:09:21 AM
D:\a\bluegriffon\bluegriffon\artifact\bluegriffon-portable\chrome\bluegriffon\content\bluegriffon\prefs\update.xul                      1645 3/17/2026 6:09:21 AM
D:\a\bluegriffon\bluegriffon\artifact\bluegriffon-portable\chrome\bluegriffon\content\bluegriffon\txns\diChangeFileStylesheetTxn.js     1642 3/17/2026 6:09:21 AM
D:\a\bluegriffon\bluegriffon\artifact\bluegriffon-portable\chrome\bluegriffon\content\bluegriffon\txns\diCommentOrPIChangeTxn.js         892 3/17/2026 6:09:21 AM
D:\a\bluegriffon\bluegriffon\artifact\bluegriffon-portable\chrome\bluegriffon\content\bluegriffon\txns\diInnerHtmlChangedTxn.js         1086 3/17/2026 6:09:21 AM
D:\a\bluegriffon\bluegriffon\artifact\bluegriffon-portable\chrome\bluegriffon\content\bluegriffon\txns\diNodeDeletionTxn.js              915 3/17/2026 6:09:21 AM
D:\a\bluegriffon\bluegriffon\artifact\bluegriffon-portable\chrome\bluegriffon\content\bluegriffon\txns\diNodeInsertionTxn.js             970 3/17/2026 6:09:21 AM
D:\a\bluegriffon\bluegriffon\artifact\bluegriffon-portable\chrome\bluegriffon\content\bluegriffon\txns\diRemoveAttributeNSTxn.js        1453 3/17/2026 6:09:21 AM
D:\a\bluegriffon\bluegriffon\artifact\bluegriffon-portable\chrome\bluegriffon\content\bluegriffon\txns\diSetAttributeNSTxn.js           1508 3/17/2026 6:09:21 AM
D:\a\bluegriffon\bluegriffon\artifact\bluegriffon-portable\chrome\bluegriffon\content\bluegriffon\txns\diStyleAttrChangeTxn.js          1523 3/17/2026 6:09:21 AM
D:\a\bluegriffon\bluegriffon\artifact\bluegriffon-portable\chrome\bluegriffon\content\bluegriffon\utils\dgid.js                         4928 3/17/2026 6:09:21 AM
D:\a\bluegriffon\bluegriffon\artifact\bluegriffon-portable\chrome\bluegriffon\content\bluegriffon\utils\global.js                      13684 3/17/2026 6:09:21 AM
D:\a\bluegriffon\bluegriffon\artifact\bluegriffon-portable\chrome\bluegriffon\content\bluegriffon\utils\login.js                        6211 3/17/2026 6:09:21 AM
D:\a\bluegriffon\bluegriffon\artifact\bluegriffon-portable\chrome\bluegriffon\content\bluegriffon\utils\notifiers.js                    4372 3/17/2026 6:09:21 AM
D:\a\bluegriffon\bluegriffon\artifact\bluegriffon-portable\chrome\bluegriffon\content\bluegriffon\xul\bluegriffon.xul                 107432 3/17/2026 6:09:21 AM
D:\a\bluegriffon\bluegriffon\artifact\bluegriffon-portable\chrome\bluegriffon\content\bluegriffon\xul\colourPicker.xul                 11624 3/17/2026 6:09:21 AM
D:\a\bluegriffon\bluegriffon\artifact\bluegriffon-portable\chrome\bluegriffon\content\bluegriffon\xul\extensionsOverlay.xul              665 3/17/2026 6:09:21 AM
D:\a\bluegriffon\bluegriffon\artifact\bluegriffon-portable\chrome\bluegriffon\content\bluegriffon\xul\hiddenWindow.xul                 57349 3/17/2026 6:09:21 AM
D:\a\bluegriffon\bluegriffon\artifact\bluegriffon-portable\chrome\bluegriffon\skin\classic\bluegriffon\aboutDialog.css                  1126 3/17/2026 6:09:22 AM
D:\a\bluegriffon\bluegriffon\artifact\bluegriffon-portable\chrome\bluegriffon\skin\classic\bluegriffon\about-logo.png                  26286 3/17/2026 6:09:22 AM
D:\a\bluegriffon\bluegriffon\artifact\bluegriffon-portable\chrome\bluegriffon\skin\classic\bluegriffon\backgroundImage.png               831 3/17/2026 6:09:22 AM
D:\a\bluegriffon\bluegriffon\artifact\bluegriffon-portable\chrome\bluegriffon\skin\classic\bluegriffon\backgroundPosition.png            266 3/17/2026 6:09:22 AM
D:\a\bluegriffon\bluegriffon\artifact\bluegriffon-portable\chrome\bluegriffon\skin\classic\bluegriffon\black.css                        7931 3/17/2026 6:09:22 AM
D:\a\bluegriffon\bluegriffon\artifact\bluegriffon-portable\chrome\bluegriffon\skin\classic\bluegriffon\bluegriffon.css                 31860 3/17/2026 6:09:22 AM
D:\a\bluegriffon\bluegriffon\artifact\bluegriffon-portable\chrome\bluegriffon\skin\classic\bluegriffon\bluegriffon.ico                 23111 3/17/2026 6:09:22 AM
D:\a\bluegriffon\bluegriffon\artifact\bluegriffon-portable\chrome\bluegriffon\skin\classic\bluegriffon\bluegriffon-aero.css            10918 3/17/2026 6:09:22 AM
D:\a\bluegriffon\bluegriffon\artifact\bluegriffon-portable\chrome\bluegriffon\skin\classic\bluegriffon\bluegriffonDialogs.css           2177 3/17/2026 6:09:22 AM
D:\a\bluegriffon\bluegriffon\artifact\bluegriffon-portable\chrome\bluegriffon\skin\classic\bluegriffon\caption-buttons.svg              3266 3/17/2026 6:09:22 AM
D:\a\bluegriffon\bluegriffon\artifact\bluegriffon-portable\chrome\bluegriffon\skin\classic\bluegriffon\colourPicker.css                 2840 3/17/2026 6:09:22 AM
D:\a\bluegriffon\bluegriffon\artifact\bluegriffon-portable\chrome\bluegriffon\skin\classic\bluegriffon\config.png                        304 3/17/2026 6:09:22 AM




==== root report (bounded) ====
==== bounded root report 2026-03-17T06:09:40.0809756+00:00 ====
workspace: D:\a\bluegriffon\bluegriffon
-- workspace top-level entries --

Mode   Length  LastWriteTime        FullName                                               
----   ------  -------------        --------                                               
d-----         3/17/2026 5:17:22 AM D:\a\bluegriffon\bluegriffon\.build-tools              
d--h--         3/17/2026 5:15:57 AM D:\a\bluegriffon\bluegriffon\.git                      
d-----         3/17/2026 5:15:54 AM D:\a\bluegriffon\bluegriffon\.github                   
-a---- 8250    3/17/2026 5:15:54 AM D:\a\bluegriffon\bluegriffon\AGENTS.md                 
d-----         3/17/2026 5:15:54 AM D:\a\bluegriffon\bluegriffon\app                       
-a---- 724     3/17/2026 5:15:54 AM D:\a\bluegriffon\bluegriffon\app.mozbuild              
-a---- 107     3/17/2026 5:15:54 AM D:\a\bluegriffon\bluegriffon\app-rules.mk              
d-----         3/17/2026 6:09:40 AM D:\a\bluegriffon\bluegriffon\artifact                  
-a---- 59      3/17/2026 6:09:40 AM D:\a\bluegriffon\bluegriffon\artifact-scan.txt         
d-----         3/17/2026 5:15:54 AM D:\a\bluegriffon\bluegriffon\base                      
-a---- 76      3/17/2026 5:15:54 AM D:\a\bluegriffon\bluegriffon\bluegriffon.code-workspace
d-----         3/17/2026 5:15:54 AM D:\a\bluegriffon\bluegriffon\branding                  
-a---- 4284198 3/17/2026 6:09:39 AM D:\a\bluegriffon\bluegriffon\build.log                 
-a---- 1357    3/17/2026 5:15:54 AM D:\a\bluegriffon\bluegriffon\build.mk                  
-a---- 4       3/17/2026 6:09:39 AM D:\a\bluegriffon\bluegriffon\build-exit.txt            
-a---- 4277472 3/17/2026 6:09:37 AM D:\a\bluegriffon\bluegriffon\build-worker.log          
d-----         3/17/2026 5:15:54 AM D:\a\bluegriffon\bluegriffon\components                
d-----         3/17/2026 5:15:54 AM D:\a\bluegriffon\bluegriffon\config                    
-a---- 2417    3/17/2026 5:15:54 AM D:\a\bluegriffon\bluegriffon\confvars.sh               
-a---- 30      3/17/2026 5:15:54 AM D:\a\bluegriffon\bluegriffon\defs.mk                   
d-----         3/17/2026 5:15:54 AM D:\a\bluegriffon\bluegriffon\extensions                
d-----         3/17/2026 5:31:10 AM D:\a\bluegriffon\bluegriffon\gecko-dev                 
d-----         3/17/2026 5:15:54 AM D:\a\bluegriffon\bluegriffon\installer                 
d-----         3/17/2026 5:15:54 AM D:\a\bluegriffon\bluegriffon\langpacks                 
-a---- 16285   3/17/2026 5:15:54 AM D:\a\bluegriffon\bluegriffon\LICENSE                   
d-----         3/17/2026 5:15:56 AM D:\a\bluegriffon\bluegriffon\locales                   
-a---- 2192    3/17/2026 5:15:54 AM D:\a\bluegriffon\bluegriffon\Makefile.in               
-a---- 2642    3/17/2026 5:15:56 AM D:\a\bluegriffon\bluegriffon\makefiles.sh              
d-----         3/17/2026 5:15:56 AM D:\a\bluegriffon\bluegriffon\modules                   
-a---- 539     3/17/2026 5:15:56 AM D:\a\bluegriffon\bluegriffon\moz.build                 
-a---- 351     3/17/2026 5:15:56 AM D:\a\bluegriffon\bluegriffon\moz.configure             
-a---- 6637    3/17/2026 5:15:54 AM D:\a\bluegriffon\bluegriffon\README.md                 
-a---- 141     3/17/2026 6:09:40 AM D:\a\bluegriffon\bluegriffon\root-recursive-report.txt 
d-----         3/17/2026 5:15:56 AM D:\a\bluegriffon\bluegriffon\sidebars                  
d-----         3/17/2026 5:15:56 AM D:\a\bluegriffon\bluegriffon\src                       
d-----         3/17/2026 5:15:56 AM D:\a\bluegriffon\bluegriffon\themes                    



